https://govoritmoskva.ru/news/202826/	–ë–∞—Ä–∏ –ê–ª–∏–±–∞—Å–æ–≤ —Å–æ—Ä–≤–∞–ª —Å—ä—ë–º–∫–∏ –Ω–∞ –ü–µ—Ä–≤–æ–º –∫–∞–Ω–∞–ª–µ	–ü—Ä–æ–¥—é—Å–µ—Ä –Ω–µ –ø—Ä–∏—à—ë–ª –Ω–∞ –ø—Ä–æ–≥—Ä–∞–º–º—É ¬´–ù–∞ —Å–∞–º–æ–º –¥–µ–ª–µ¬ª.
http://sports.ru/tribuna/blogs/mama4h/2484015.html	–ú–µ–Ω–¥–∏ —Ç—Ä–æ–ª–ª–∏—Ç –ó–∏–Ω—á–µ–Ω–∫–æ –∏ –î–µ –ë—Ä—é–π–Ω–µ. –ü—Ä–æ—Å—Ç–æ –ø–æ—Ç–æ–º—É —á—Ç–æ –º–æ–∂–µ—Ç	–ú–µ–Ω–¥–∏ —Ç—Ä–æ–ª–ª–∏—Ç –ó–∏–Ω—á–µ–Ω–∫–æ –∏ –î–µ –ë—Ä—é–π–Ω–µ. –ü—Ä–æ—Å—Ç–æ –ø–æ—Ç–æ–º—É —á—Ç–æ –º–æ–∂–µ—Ç - –í—ã —ç—Ç–æ –≤–∏–¥–µ–ª–∏? - –ë–ª–æ–≥–∏ - Sports.ru
http://igromania.ru/news/85745/Avtory_Destiny_2_rasskazali_o_podderzhke_v_tretem_godu-anonsirovan_boevoy_propusk.html	–ê–≤—Ç–æ—Ä—ã Destiny 2 —Ä–∞—Å—Å–∫–∞–∑–∞–ª–∏ –æ –ø–æ–¥–¥–µ—Ä–∂–∫–µ –≤ —Ç—Ä–µ—Ç—å–µ–º –≥–æ–¥—É ‚Äî –∞–Ω–æ–Ω—Å–∏—Ä–æ–≤–∞–Ω –±–æ–µ–≤–æ–π –ø—Ä–æ–ø—É—Å–∫	–£ Bungie –º–∞—Å—à—Ç–∞–±–Ω—ã–µ –ø–ª–∞–Ω—ã –ø–æ –ø–æ–¥–¥–µ—Ä–∂–∫–µ –ø—Ä–æ–µ–∫—Ç–∞. 
http://lt.sputniknews.ru/society/20190710/9560866/V-Litve-vvedut-novuyu-sistemu-shtrafov-za-prevyshenie-skorosti.html	–í –õ–∏—Ç–≤–µ –≤–≤–µ–¥—É—Ç –Ω–æ–≤—É—é —Å–∏—Å—Ç–µ–º—É —à—Ç—Ä–∞—Ñ–æ–≤ –∑–∞ –ø—Ä–µ–≤—ã—à–µ–Ω–∏–µ —Å–∫–æ—Ä–æ—Å—Ç–∏	–ù–µ—Å–º–æ—Ç—Ä—è –Ω–∞ —Ç–æ, —á—Ç–æ —á–∏—Å–ª–æ –ø–æ–≥–∏–±—à–∏—Ö –≤ –î–¢–ü —É–º–µ–Ω—å—à–∞–µ—Ç—Å—è, –∫–æ–ª–∏—á–µ—Å—Ç–≤–æ –∞–≤–∞—Ä–∏–π —Ä–∞—Å—Ç–µ—Ç
http://sports.ru/tribuna/blogs/nbalive/2505118.html	–¢—Ä–∏ –≥–æ–¥–∞ –Ω–∞–∑–∞–¥ –ù–ë–ê —Ä–∞–∑–±—Ä–∞—Å—ã–≤–∞–ª–∞—Å—å –¥–µ–Ω—å–≥–∞–º–∏. –¢–æ–≥–¥–∞ 64 –º–ª–Ω –ø–æ–ª—É—á–∏–ª –∏ –¢–∏–º–æ—Ñ–µ–π –ú–æ–∑–≥–æ–≤	–õ–∏–≥–∞ —á–µ–º—É-–Ω–∏–±—É–¥—å –Ω–∞—É—á–∏–ª–∞—Å—å —Å —Ç–µ—Ö –ø–æ—Ä?
http://vostokmedia.com/news/society/18-06-2019/budu-pesni-vam-pet-tsyganova-hochet-zabrat-u-kozhemyako-tyazhelo-dobytyy-status	–ë—É–¥—É –ø–µ—Å–Ω–∏ –≤–∞–º –ø–µ—Ç—å: –¶—ã–≥–∞–Ω–æ–≤–∞ —Ö–æ—á–µ—Ç –∑–∞–±—Ä–∞—Ç—å —É¬†–ö–æ–∂–µ–º—è–∫–æ —Ç—è–∂–µ–ª–æ –¥–æ–±—ã—Ç—ã–π —Å—Ç–∞—Ç—É—Å	–ü–µ–≤–∏—Ü–∞: —Ç–µ–ø–µ—Ä—å —è¬†–±—É–¥—É –ø–µ—Ç—å –≥—Ä–æ–º—á–µ, –º–æ–π –≥–æ–ª–æ—Å —É—Å–ª—ã—à–∏—Ç –≤—Å—è –†–æ—Å—Å–∏—è –æ—Ç¬†–ê–º—É—Ä–∞ –¥–æ¬†–ö—Ä–µ–º–ª—è | –í–æ—Å—Ç–æ–∫-–ú–µ–¥–∏–∞
https://tolknews.ru/news/20761-skolnicu-ubil-mobilnyj-telefon-v-mordovii	–ú–æ—Ä–¥–æ–≤—Å–∫–∞—è —à–∫–æ–ª—å–Ω–∏—Ü–∞ —Å–∫–æ–Ω—á–∞–ª–∞—Å—å –æ—Ç —É–¥–∞—Ä–∞ —Ç–æ–∫–æ–º –ø—Ä–∏ –∏—Å–ø–æ–ª—å–∑–æ–≤–∞–Ω–∏–∏ —Å–º–∞—Ä—Ç—Ñ–æ–Ω–∞	–í –Ω–∞—Å—Ç–æ—è—â–µ–µ –≤—Ä–µ–º—è –≤—ã—è—Å–Ω—è—é—Ç—Å—è –≤—Å–µ –æ–±—Å—Ç–æ—è—Ç–µ–ª—å—Å—Ç–≤–∞ –ø—Ä–æ–∏–∑–æ—à–µ–¥—à–µ–≥–æ
https://dayonline.ru/showbusiness/news/smi-nomer-harlamova-i-batrutdinova-postavil-comedy-80933	–ù–æ–≤–æ—Å—Ç–∏ –¥–Ω—è: –ü–æ—à–ª—ã–π –Ω–æ–º–µ—Ä –•–∞—Ä–ª–∞–º–æ–≤–∞ –∏ –ë–∞—Ç—Ä—É—Ç–¥–∏–Ω–æ–≤–∞ –ø–æ—Å—Ç–∞–≤–∏–ª Comedy Club –Ω–∞ –≥—Ä–∞–Ω—å –∑–∞–∫—Ä—ã—Ç–∏—è	–ò–∑–≤–µ—Å—Ç–Ω–æ–µ —Ç–µ–ª–µ—à–æ—É –ø–æ–¥ —É–≥—Ä–æ–∑–æ–π –∑–∞–∫—Ä—ã—Ç–∏—è: –µ–≥–æ —Ö—ç–¥–ª–∞–π–Ω–µ—Ä—ã –Ω–µ–æ—Å—Ç–æ—Ä–æ–∂–Ω–æ –ø–æ—à—É—Ç–∏–ª–∏. –ù–æ–≤–æ—Å—Ç–∏ –º–∏—Ä–∞ –∏ –†–æ—Å—Å–∏–∏
http://sib.fm/news/2019/08/31/pozhiloj-himik-iz-akademgorodka-najden-pogibshim	–ü–æ–∂–∏–ª–æ–π —Ö–∏–º–∏–∫ –∏–∑ –ê–∫–∞–¥–µ–º–≥–æ—Ä–æ–¥–∫–∞ –Ω–∞–π–¥–µ–Ω –ø–æ–≥–∏–±—à–∏–º	–ü–æ–∏—Å–∫–æ–≤—ã–µ –æ—Ç—Ä—è–¥—ã –ø–æ—á—Ç–∏ –Ω–µ–¥–µ–ª—é –∏—Å–∫–∞–ª–∏ –ø–µ–Ω—Å–∏–æ–Ω–µ—Ä–∞; –≤—Å—é —Å–≤–æ—é –∂–∏–∑–Ω—å –æ–Ω –ø–æ—Å–≤—è—Ç–∏–ª –Ω–µ–æ—Ä–≥–∞–Ω–∏—á–µ—Å–∫–æ–π —Ö–∏–º–∏–∏.
http://www.moneytimes.ru/news/2019-08-02/17597/	–ü–µ–≤–µ—Ü –ù–∏–∫–∏—Ç–∞ —Ä–∞—Å—Å–∫–∞–∑–∞–ª –æ ¬´—Å–∫—Ä–æ–º–Ω—ã—Ö¬ª –∑–∞—Ä–∞–±–æ—Ç–∫–∞—Ö –ñ–∞–Ω–Ω—ã –§—Ä–∏—Å–∫–µ - –Ω–æ–≤–æ—Å—Ç–∏ —à–æ—É –±–∏–∑–Ω–µ—Å–∞	–ë–æ–ª—å—à–∞—è —á–∞—Å—Ç—å –ø—Ä–∏–±—ã–ª–∏ –æ—Ç –∫–æ–Ω—Ü–µ—Ä—Ç–æ–≤ –ñ–∞–Ω–Ω—ã –§—Ä–∏—Å–∫–µ —É—Ö–æ–¥–∏–ª–∞ –ø—Ä–æ–¥—é—Å–µ—Ä—É
https://dayonline.ru/showbusiness/news/izvestnaya-aktrisa-otreagirovala-na-sluhi-o-romane-81545	–ù–æ–≤–æ—Å—Ç–∏ –¥–Ω—è: –ò–∑–≤–µ—Å—Ç–Ω–∞—è –∞–∫—Ç—Ä–∏—Å–∞ –æ—Ç—Ä–µ–∞–≥–∏—Ä–æ–≤–∞–ª–∞ –Ω–∞ —Å–ª—É—Ö–∏ –æ —Ä–æ–º–∞–Ω–µ —Å –í–∏—Ç–æ—Ä–≥–∞–Ω–æ–º	–≠–∫—Å-–º—É–∂—É –°–æ–±—á–∞–∫ –ø—Ä–∏–ø–∏—Å—ã–≤–∞—é—Ç –Ω–æ–≤—ã–π —Ä–æ–º–∞–Ω. –ù–æ–≤–æ—Å—Ç–∏ –º–∏—Ä–∞ –∏ –†–æ—Å—Å–∏–∏
http://goodhouse.ru/health/zdorovye/8-privychek-kotorye-stoit-priobresti-v-50-chtoby-mozg-ostavalsya-aktivnym-v-80	8 –ø—Ä–∏–≤—ã—á–µ–∫, –∫–æ—Ç–æ—Ä—ã–µ —Å—Ç–æ–∏—Ç –ø—Ä–∏–æ–±—Ä–µ—Å—Ç–∏ –≤ 50, —á—Ç–æ–±—ã –º–æ–∑–≥ –æ—Å—Ç–∞–≤–∞–ª—Å—è –∞–∫—Ç–∏–≤–Ω—ã–º –≤ 80	–ü—Ä–∞–≤–∏–ª—å–Ω—ã–π –æ–±—Ä–∞–∑ –∂–∏–∑–Ω–∏ –∏ –∑–¥–æ—Ä–æ–≤—ã–µ –ø—Ä–∏–≤—ã—á–∫–∏ —Å–Ω–∏–∂–∞—é—Ç —Ä–∏—Å–∫ –¥–µ–º–µ–Ω—Ü–∏–∏ –Ω–∞ —Ç—Ä–µ—Ç—å!
https://www.goodhouse.ru/krasota/zvezdy/gromkie-svadby-doma-2-kakie-platya-vybirali-zvezdy-proekta/	–ì—Ä–æ–º–∫–∏–µ —Å–≤–∞–¥—å–±—ã ¬´–î–æ–º–∞-2¬ª: –∫–∞–∫–∏–µ –ø–ª–∞—Ç—å—è –≤—ã–±–∏—Ä–∞–ª–∏ –∑–≤–µ–∑–¥—ã –ø—Ä–æ–µ–∫—Ç–∞	–ó–∞ 15 –ª–µ—Ç —Å—É—â–µ—Å—Ç–≤–æ–≤–∞–Ω–∏—è —Ä–µ–∞–ª–∏—Ç–∏-—à–æ—É ¬´–î–æ–º-2¬ª –±—ã–ª–æ —Å—ã–≥—Ä–∞–Ω–æ –Ω–µ–º–∞–ª–æ —Å–≤–∞–¥–µ–±. –í—Å–ø–æ–º–∏–Ω–∞–µ–º —Å–∞–º—ã–µ –∏–Ω—Ç–µ—Ä–µ—Å–Ω—ã–µ –ø–æ–¥–≤–µ–Ω–µ—á–Ω—ã–µ –Ω–∞—Ä—è–¥—ã –∑–≤–µ–∑–¥ —Ç–µ–ª–µ–ø—Ä–æ–µ–∫—Ç–∞.
https://riamo.ru/article/368210/muzhchina-ranil-nozhom-svoego-znakomogo-v-hode-ssory-v-solnechnogorske.xl	–ú—É–∂—á–∏–Ω–∞ —Ä–∞–Ω–∏–ª –Ω–æ–∂–æ–º —Å–≤–æ–µ–≥–æ –∑–Ω–∞–∫–æ–º–æ–≥–æ –≤ —Ö–æ–¥–µ —Å—Å–æ—Ä—ã –≤ –°–æ–ª–Ω–µ—á–Ω–æ–≥–æ—Ä—Å–∫–µ	–ü–æ –¥–∞–Ω–Ω–æ–º—É —Ñ–∞–∫—Ç—É –≤–æ–∑–±—É–∂–¥–µ–Ω–æ —É–≥–æ–ª–æ–≤–Ω–æ–µ –¥–µ–ª–æ.
https://riafan.ru/1200861-zvezda-sashatanya-rasplakalas-rasskazyvaya-o-bolezni-partnera-po-serialu	–ó–≤–µ–∑–¥–∞ ¬´–°–∞—à–∞–¢–∞–Ω—è¬ª —Ä–∞—Å–ø–ª–∞–∫–∞–ª–∞—Å—å, —Ä–∞—Å—Å–∫–∞–∑—ã–≤–∞—è –æ –±–æ–ª–µ–∑–Ω–∏ –ø–∞—Ä—Ç–Ω–µ—Ä–∞ –ø–æ —Å–µ—Ä–∏–∞–ª—É	–í–∞–ª–µ–Ω—Ç–∏–Ω–∞ –†—É–±—Ü–æ–≤–∞ —Ä–∞—Å–ø–ª–∞–∫–∞–ª–∞—Å—å –≤–æ –≤—Ä–µ–º—è ¬´–°—É–¥—å–±—ã —á–µ–ª–æ–≤–µ–∫–∞¬ª, —Ä–∞—Å—Å–∫–∞–∑—ã–≤–∞—è –æ–± –æ–Ω–∫–æ–ª–æ–≥–∏–∏ –µ–µ –ø–∞—Ä—Ç–Ω–µ—Ä–∞ –ø–æ —Å–∏—Ç–∫–æ–º–∞–º –ê–Ω–¥—Ä–µ—è –ì–∞–π–¥—É–ª—è–Ω–∞.
https://www.cosmo.ru/stars/news/11-07-2019/nikita-v-vostorge-sergey-lazarev-svodil-syna-v-zoopark-v-mayyami/	–ù–∏–∫–∏—Ç–∞ –≤ –≤–æ—Å—Ç–æ—Ä–≥–µ: –°–µ—Ä–≥–µ–π –õ–∞–∑–∞—Ä–µ–≤ —Å–≤–æ–¥–∏–ª —Å—ã–Ω–∞ –≤ –∑–æ–æ–ø–∞—Ä–∫ –≤ –ú–∞–π–∞–º–∏	–ü–µ–≤–µ—Ü –ø—Ä–∏–µ—Ö–∞–ª —Å —Å—ã–Ω–æ–º –≤ –∑–æ–æ–ø–∞—Ä–∫ –≤ –ú–∞–π—è–º–∏. –ò—Å–ø–æ–ª–Ω–∏—Ç–µ–ª—å –ø–æ–∫–∞–∑–∞–ª –ù–∏–∫–∏—Ç–µ –¥–∏–∫–∏—Ö –∂–∏–≤–æ—Ç–Ω—ã—Ö –∏ –¥–∞–ª –ø–æ–∫–æ—Ä–º–∏—Ç—å —Å —Ä—É–∫ –∂–∏—Ä–∞—Ñ–∞.
https://www.znak.com/2019-06-24/na_urale_muzhchina_poluchil_8_let_za_to_chto_udaril_cheloveka_nozhom_za_neudachnuyu_shutku	–ù–∞¬†–£—Ä–∞–ª–µ –º—É–∂—á–∏–Ω–∞ –ø–æ–ª—É—á–∏–ª 8 –ª–µ—Ç –∑–∞¬†—Ç–æ, —á—Ç–æ —É–¥–∞—Ä–∏–ª —á–µ–ª–æ–≤–µ–∫–∞ –Ω–æ–∂–æ–º –∑–∞¬†–Ω–µ—É–¥–∞—á–Ω—É—é —à—É—Ç–∫—É	–í–µ—Ä—Ö–Ω–µ–ø—ã—à–º–∏–Ω—Å–∫–∏–π —Ä–∞–π–æ–Ω–Ω—ã–π —Å—É–¥ –ø—Ä–∏–≥–æ–≤–æ—Ä–∏–ª 37-–ª–µ—Ç–Ω–µ–≥–æ —Ä–∞–Ω–µ–µ —Å—É–¥–∏–º–æ–≥–æ –º—É–∂—á–∏–Ω—É –∫ 8 –≥–æ–¥–∞–º –∫–æ–ª–æ–Ω–∏–∏ —Å—Ç—Ä–æ–≥–æ–≥–æ —Ä–µ–∂–∏–º–∞ –∑–∞ —Ç–æ, —á—Ç–æ –æ–Ω –ø–æ–ª–æ—Å–Ω—É–ª –ø—Ä–∏—è—Ç–µ–ª—è –Ω–æ–∂–æ–º –ø–æ —à–µ–µ, –∫–æ–≥–¥–∞ —É—Å–ª—ã—à–∞–ª –æ—Å–∫–æ—Ä–±–∏—Ç–µ–ª—å–Ω—É—é —à—É—Ç–∫—É –≤ —Å–≤–æ–π –∞–¥—Ä–µ—Å
https://rostovgazeta.ru/news/incident/02-08-2019/video-napadeniya-omona-na-fanatov-spartaka-v-rostove-poyavilos-v-seti	–í–∏–¥–µ–æ –Ω–∞–ø–∞–¥–µ–Ω–∏—è –û–ú–û–ù–∞ –Ω–∞¬†—Ñ–∞–Ω–∞—Ç–æ–≤ ¬´–°–ø–∞—Ä—Ç–∞–∫–∞¬ª –≤¬†–†–æ—Å—Ç–æ–≤–µ –ø–æ—è–≤–∏–ª–æ—Å—å –≤¬†–°–µ—Ç–∏	–í¬†–°–µ—Ç–∏ —Ä–∞–∑–º–µ—Å—Ç–∏–ª–∏ –≤–∏–¥–µ–æ—Ä–æ–ª–∏–∫, –Ω–∞¬†–∫–æ—Ç–æ—Ä–æ–º –ø–æ–∫–∞–∑–∞–ª–∏ –Ω–∞–ø–∞–¥–µ–Ω–∏–µ –û–ú–û–ù–∞ –Ω–∞¬†–±–æ–ª–µ–ª—å—â–∏–∫–æ–≤ —Ñ—É—Ç–±–æ–ª—å–Ω–æ–≥–æ –∫–ª—É–±–∞ ¬´–°–ø–∞—Ä—Ç–∞–∫¬ª –≤¬†–†–æ—Å—Ç–æ–≤–µ-–Ω–∞-–î–æ–Ω—É. | RostovGazeta
http://transsibinfo.com/news/incident/02-07-2019/torgasha-izbivshego-i-opozorivshego-pensionerku-sudyat-v-habarovskom-krae	–¢–æ—Ä–≥–∞—à–∞, –∏–∑–±–∏–≤—à–µ–≥–æ –∏ –æ–ø–æ–∑–æ—Ä–∏–≤—à–µ–≥–æ –ø–µ–Ω—Å–∏–æ–Ω–µ—Ä–∫—É, —Å—É–¥—è—Ç –≤ –•–∞–±–∞—Ä–æ–≤—Å–∫–æ–º –∫—Ä–∞–µ	–ó–∞ –ø—Ä–µ—Å—Ç—É–ø–ª–µ–Ω–∏–µ —Å—Ä–µ–¥–Ω–µ–π —Ç—è–∂–µ—Å—Ç–∏ –ø—Ä–µ–¥—É—Å–º–æ—Ç—Ä–µ–Ω —Å—Ä–æ–∫ –¥–æ 5 –ª–µ—Ç | Transsibinfo
https://www.ridus.ru/news/301773	–û—Ç–≤–µ—Ä–≥–Ω—É—Ç—ã–π —É—Ö–∞–∂–µ—Ä –≤ –æ—Ç–º–µ—Å—Ç–∫—É –≤—ã—Å—Ç—Ä–µ–ª–∏–ª –≤ –≥–æ–ª–æ–≤—É —Ä–µ–±–µ–Ω–∫—É –∂–µ–Ω—â–∏–Ω—ã	–°–µ–π—á–∞—Å –¥–µ–≤–æ—á–∫–∞ –≤ —Ç—è–∂–µ–ª–æ–º —Å–æ—Å—Ç–æ—è–Ω–∏–∏.
http://www.spb.aif.ru/incidents/criminal/v_leningradskoy_oblasti_budut_sudit_muzhchinu_kotoryy_ubil_rybaka	–í –õ–µ–Ω–∏–Ω–≥—Ä–∞–¥—Å–∫–æ–π –æ–±–ª–∞—Å—Ç–∏ –±—É–¥—É—Ç —Å—É–¥–∏—Ç—å –º—É–∂—á–∏–Ω—É, –∫–æ—Ç–æ—Ä—ã–π —É–±–∏–ª —Ä—ã–±–∞–∫–∞	–û–±–≤–∏–Ω—è–µ–º—ã–π —Å—Ç—Ä–∞–¥–∞–µ—Ç –ø—Å–∏—Ö–∏—á–µ—Å–∫–∏–º–∏ –∑–∞–±–æ–ª–µ–≤–∞–Ω–∏—è–º–∏ –∏ –Ω—É–∂–¥–∞–µ—Ç—Å—è –≤ –ø—Ä–∏–Ω—É–¥–∏—Ç–µ–ª—å–Ω–æ–º –ª–µ—á–µ–Ω–∏–∏
http://znak.com/2019-06-19/vybory_vora_v_zakone_1_otlozheny_minimum_do_2024_goda_iz_za_popravok_putina_v_uk_rf	–í—ã–±–æ—Ä—ã –≤–æ—Ä–∞ –≤¬†–∑–∞–∫–æ–Ω–µ ‚Ññ‚ÄØ1 –æ—Ç–ª–æ–∂–µ–Ω—ã –º–∏–Ω–∏–º—É–º –¥–æ¬†2024 –≥–æ–¥–∞ –∏–∑-–∑–∞ –ø–æ–ø—Ä–∞–≤–æ–∫ –ü—É—Ç–∏–Ω–∞ –≤¬†–£–ö¬†–†–§	–í—ã–±–æ—Ä—ã –≥–ª–∞–≤–∞—Ä—è –ø—Ä–µ—Å—Ç—É–ø–Ω–æ–≥–æ –º–∏—Ä–∞ –†–æ—Å—Å–∏–∏, –≤–æ—Ä–∞ –≤ –∑–∞–∫–æ–Ω–µ ‚Ññ‚ÄØ1, –æ—Ç–ª–æ–∂–µ–Ω—ã –∫–∞–∫ –º–∏–Ω–∏–º—É–º –¥–æ 2024 –≥–æ–¥–∞
https://govoritmoskva.ru/news/203757/	–ù–∞—á–∞–ª—å–Ω–∏–∫ –æ–º—Å–∫–æ–π –ø–æ–ª–∏—Ü–∏–∏ –∏–∑–±–∏–ª –º–∞—à–∏–Ω–∏—Å—Ç–∞ –≤ –º–æ—Å–∫–æ–≤—Å–∫–æ–º –º–µ—Ç—Ä–æ	–ò–Ω—Ü–∏–¥–µ–Ω—Ç –ø—Ä–æ–∏–∑–æ—à—ë–ª –Ω–∞–∫–∞–Ω—É–Ω–µ –ø–æ–∑–¥–Ω–æ –≤–µ—á–µ—Ä–æ–º –Ω–∞ —Å—Ç–∞–Ω—Ü–∏–∏ ¬´–ö–∞—à–∏—Ä—Å–∫–∞—è¬ª.
https://nation-news.ru/460375-reshetova-khochet-zapisatsya-na-kulinarnye-kursy-chtoby-naiti-put-k-serdcu-timati	–†–µ—à–µ—Ç–æ–≤–∞ —Ö–æ—á–µ—Ç –∑–∞–ø–∏—Å–∞—Ç—å—Å—è –Ω–∞ –∫—É–ª–∏–Ω–∞—Ä–Ω—ã–µ –∫—É—Ä—Å—ã, —á—Ç–æ–±—ã –Ω–∞–π—Ç–∏ –ø—É—Ç—å –∫ —Å–µ—Ä–¥—Ü—É –¢–∏–º–∞—Ç–∏	–ú–æ–¥–µ–ª—å –∏ –≤–æ–∑–ª—é–±–ª–µ–Ω–Ω–∞—è —Ä–µ–ø–µ—Ä–∞ –¢–∏–º–∞—Ç–∏ –ê–Ω–∞—Å—Ç–∞—Å–∏—è –†–µ—à–µ—Ç–æ–≤–∞ –≤ —Å–≤–æ–µ–º Instagram-–∞–∫–∫–∞—É–Ω—Ç–µ –ø–æ–∏–Ω—Ç–µ—Ä–µ—Å–æ–≤–∞–ª–∞—Å—å —É –ø–æ–¥–ø–∏—Å—á–∏–∫–æ–≤, –∑–Ω–∞—é—Ç –ª–∏ –æ–Ω–∏ —Ö–æ—Ä–æ—à–∏–µ –ø—Ä–æ—Ñ–µ—Å—Å–∏–æ–Ω–∞–ª—å–Ω—ã–µ –∫—É—Ä—Å—ã –≤ –ú–æ—Å–∫–≤–µ. 
http://sports.ru/football/1075715589.html	¬´–ë–∏–∑–Ω–µ—Å Online¬ª: –§–µ–¥—É–Ω –Ω–∞–ø–∏—Å–∞–ª –ë–µ—Ä–¥—ã–µ–≤—É ¬´–ú—É–¥–∞–∫!¬ª –ø–æ—Å–ª–µ –ø–µ—Ä–µ–≥–æ–≤–æ—Ä–æ–≤ —Ç—Ä–µ–Ω–µ—Ä–∞ —Å–æ ¬´–°–ø–∞—Ä—Ç–∞–∫–æ–º¬ª	¬´–ë–∏–∑–Ω–µ—Å Online¬ª —Ä–∞—Å–∫—Ä—ã–≤–∞–µ—Ç –≤ —Å–≤–æ–µ–º –º–∞—Ç–µ—Ä–∏–∞–ª–µ –Ω–æ–≤—ã–µ –¥–µ—Ç–∞–ª–∏ –ø–µ—Ä–µ–≥–æ–≤–æ—Ä–æ–≤ –º–µ–∂–¥—É —Ç—Ä–µ–Ω–µ—Ä–æ–º –ö—É—Ä–±–∞–Ω–æ–º –ë–µ—Ä–¥—ã–µ–≤—ã–º –∏ ¬´–°–ø–∞—Ä—Ç–∞–∫–æ–º¬ª, –∫–æ—Ç–æ—Ä—ã–µ –≤ –∏—Ç–æ–≥–µ –Ω–µ –ø—Ä–∏–≤–µ–ª–∏ –∫ –Ω–∞—á–∞–ª—É —Å–æ—Ç—Ä—É–¥–Ω–∏—á–µ—Å—Ç–≤–∞.
https://news.ru/shou-biznes/larisa-verbickaya-rasskazala-kak-izbavilas-ot-cellyulita/	–õ–∞—Ä–∏—Å–∞ –í–µ—Ä–±–∏—Ü–∫–∞—è —Ä–∞—Å—Å–∫–∞–∑–∞–ª–∞, –∫–∞–∫ –∏–∑–±–∞–≤–∏–ª–∞—Å—å –æ—Ç —Ü–µ–ª–ª—é–ª–∏—Ç–∞	–ü–æ–ø—É–ª—è—Ä–Ω–∞—è —Ç–µ–ª–µ–≤–µ–¥—É—â–∞—è –õ–∞—Ä–∏—Å–∞ –í–µ—Ä–±–∏—Ü–∫–∞—è –ø–æ–¥–µ–ª–∏–ª–∞—Å—å —Å–æ —Å–≤–æ–∏–º–∏ –ø–æ–∫–ª–æ–Ω–Ω–∏–∫–∞–º–∏ —Ä–µ—Ü–µ–ø—Ç–æ–º –±—é–¥–∂–µ—Ç–Ω–æ–≥–æ —Å–∫—Ä–∞–±–∞ –¥–ª—è —Ç–µ–ª–∞, –∫–æ—Ç–æ—Ä—ã–π –ø–æ–º–æ–≥ –µ–π –∏–∑–±–∞–≤–∏—Ç—å—Å—è –æ—Ç —Ü–µ–ª–ª—é–ª–∏—Ç–∞.
http://amurmedia.ru/news/835253	–°–µ—Ä–≥–µ–π –§—É—Ä–≥–∞–ª: –ß—Ç–æ –∂ –≤—ã –≤—Å–µ, –∫—Ç–æ —Ç–∞–º –±—ã–ª–∏, –≤ —É–ø–æ—Ä –Ω–µ –≤–∏–¥–µ–ª–∏ –ø–∞–ª–∞—Ç–∫–∏? - AmurMedia	–ì–ª–∞–≤–∞ —Ä–µ–≥–∏–æ–Ω–∞ –ø—Ä–æ–≤–µ–ª —ç–∫—Å—Ç—Ä–µ–Ω–Ω–æ–µ —Å–æ–≤–µ—â–∞–Ω–∏–µ –≤ —Å–≤—è–∑–∏ —Å –ø–æ–∂–∞—Ä–æ–º –≤ –¥–µ—Ç—Å–∫–æ–º –ª–∞–≥–µ—Ä–µ –≤ –°–æ–ª–Ω–µ—á–Ω–æ–º —Ä–∞–π–æ–Ω–µ (–í–ò–î–ï–û)
https://nation-news.ru/459177-gosha-kucenko-podkatyvaet-k-docheri-nikity-mikhalkova	–ì–æ—à–∞ –ö—É—Ü–µ–Ω–∫–æ "–ø–æ–¥–∫–∞—Ç—ã–≤–∞–µ—Ç" –∫ –¥–æ—á–µ—Ä–∏ –ù–∏–∫–∏—Ç—ã –ú–∏—Ö–∞–ª–∫–æ–≤–∞	–î–æ—á—å —Ä–µ–∂–∏—Å—Å–µ—Ä–∞ –ù–∏–∫–∏—Ç—ã –ú–∏—Ö–∞–ª–∫–æ–≤–∞ –ê–Ω–Ω–∞ –Ω–µ—Å–∫–æ–ª—å–∫–æ –¥–Ω–µ–π –Ω–∞–∑–∞–¥ –≤—ã—Å—Ç–∞–≤–∏–ª–∞ —Ñ–æ—Ç–æ–≥—Ä–∞—Ñ–∏—é –≤ Instagram. –ì–æ—à–∞ –ö—É—Ü–µ–Ω–∫–æ –±—É—Ä–Ω–æ –æ—Ç—Ä–µ–∞–≥–∏—Ä–æ–≤–∞–ª –Ω–∞ –Ω–µ–µ –≤ –∫–æ–º–º–µ–Ω—Ç–∞—Ä–∏—è—Ö –∏ –ø—Ä–∏–∑–Ω–∞–ª—Å—è –ê–Ω–Ω–µ –≤ –ª—é–±–≤–∏.
http://www.ok-magazine.ru/stars/92205-megan-markl-raskritikovali-za-chto-ona-nepravilno-derzhala-syna-na-rukah	–ú–µ–≥–∞–Ω –ú–∞—Ä–∫–ª —Ä–∞—Å–∫—Ä–∏—Ç–∏–∫–æ–≤–∞–ª–∏ –∑–∞ —Ç–æ, —á—Ç–æ –æ–Ω–∞ –Ω–µ–ø—Ä–∞–≤–∏–ª—å–Ω–æ –¥–µ—Ä–∂–∞–ª–∞ —Å—ã–Ω–∞ –Ω–∞ —Ä—É–∫–∞—Ö	–ü–æ–∫–ª–æ–Ω–Ω–∏–∫–∏ –∫–æ—Ä–æ–ª–µ–≤—Å–∫–æ–π —Å–µ–º—å–∏ –∑–∞–ø–æ–¥–æ–∑—Ä–∏–ª–∏ –ú–µ–≥–∞–Ω –≤ —Ç–æ–º, —á—Ç–æ –æ–Ω–∞ –ø—Ä–∏–±–µ–≥–ª–∞ –∫ —É—Å–ª—É–≥–∞–º –Ω—è–Ω–∏.         

http://fn-volga.ru/news/view/id/126979	–ó–∞ –∏–Ω—Ñ–æ—Ä–º–∞—Ü–∏—é –æ –ø–æ–¥–∂–∏–≥–∞—Ç–µ–ª–µ —Å–∞—Ä–∞—Ç–æ–≤—Å–∫–æ–≥–æ –ø—Ä–∞–≤–∏—Ç–µ–ª—å—Å—Ç–≤–∞ –ø–æ–ª–∏—Ü–∏—è –æ–±–µ—â–∞–µ—Ç 100 —Ç—ã—Å—è—á —Ä—É–±–ª–µ–π	–ó–∞ –∏–Ω—Ñ–æ—Ä–º–∞—Ü–∏—é –æ –ø–æ–¥–∂–∏–≥–∞—Ç–µ–ª–µ —Å–∞—Ä–∞—Ç–æ–≤—Å–∫–æ–≥–æ –ø—Ä–∞–≤–∏—Ç–µ–ª—å—Å—Ç–≤–∞ –ø–æ–ª–∏—Ü–∏—è –æ–±–µ—â–∞–µ—Ç 100 —Ç—ã—Å—è—á —Ä—É–±–ª–µ–π ‚Äì —Å–∞–º—ã–µ –¥–æ—Å—Ç–æ–≤–µ—Ä–Ω—ã–µ –Ω–æ–≤–æ—Å—Ç–∏ –°–∞—Ä–∞—Ç–æ–≤–∞ –≤ –∏–Ω—Ñ–æ—Ä–º–∞—Ü–∏–æ–Ω–Ω–æ–º –∞–≥–µ–Ω—Ç—Å—Ç–≤–µ ¬´–°–≤–æ–±–æ–¥–Ω—ã–µ –Ω–æ–≤–æ—Å—Ç–∏. FreeNews-Volga¬ª. –ú—ã –µ–∂–µ–¥–Ω–µ–≤–Ω–æ —Ä–∞—Å—Å–∫–∞–∑—ã–≤–∞–µ–º –æ –Ω–æ–≤–æ—Å—Ç—è—Ö –≥–æ—Ä–æ–¥–∞ –∏ –†–æ—Å—Å–∏–∏
http://infox.ru/news/283/social/rupolitics/219328-pramaa-linia-zasla-v-tupik-vmeste-so-stranoj-martynov	–ü—Ä—è–º–∞—è –ª–∏–Ω–∏—è –∑–∞—à–ª–∞ –≤ —Ç—É–ø–∏–∫ –≤–º–µ—Å—Ç–µ —Å–æ —Å—Ç—Ä–∞–Ω–æ–π - –ú–∞—Ä—Ç—ã–Ω–æ–≤	–ü—Ä–µ–∑–∏–¥–µ–Ω—Ç –ü—É—Ç–∏–Ω –≤¬†–ø—Ä—è–º–æ–º —ç—Ñ–∏—Ä–µ –æ—Ç–≤–µ—Ç–∏–ª –Ω–∞¬†–≤–æ–ø—Ä–æ—Å—ã —Ä–æ—Å—Å–∏–π—Å–∫–∏—Ö –≥—Ä–∞–∂–¥–∞–Ω: —ç—Ñ–∏—Ä –¥–ª–∏–ª—Å—è 4 —á–∞—Å–∞ 8 –º–∏–Ω—É—Ç, –ø—Ä–µ–∑–∏–¥–µ–Ω—Ç –æ—Ç–≤–µ—Ç–∏–ª –Ω–∞ 81 –≤–æ–ø—Ä–æ—Å.
https://nation-news.ru/464823-bareckii-rasskazal-o-perezhivaniyakh-matildy-shnurovoi-posle-razvoda	–ë–∞—Ä–µ—Ü–∫–∏–π —Ä–∞—Å—Å–∫–∞–∑–∞–ª –æ –ø–µ—Ä–µ–∂–∏–≤–∞–Ω–∏—è—Ö –ú–∞—Ç–∏–ª—å–¥—ã –®–Ω—É—Ä–æ–≤–æ–π –ø–æ—Å–ª–µ —Ä–∞–∑–≤–æ–¥–∞	–°–∫–∞–Ω–¥–∞–ª—å–Ω—ã–π —à–æ—É–º–µ–Ω –°—Ç–∞—Å –ë–∞—Ä–µ—Ü–∫–∏–π –∑–∞—è–≤–∏–ª, —á—Ç–æ —ç–∫—Å-—Å—É–ø—Ä—É–≥–∞ –°–µ—Ä–≥–µ—è –®–Ω—É—Ä–æ–≤–∞, –ï–ª–µ–Ω–∞ –ú–æ–∑–≥–æ–≤–∞—è (–æ–Ω–∞ –∂–µ¬†‚Äî –ú–∞—Ç–∏–ª—å–¥–∞), —Ç—è–∂–µ–ª–æ –ø–µ—Ä–µ–∂–∏–≤–∞–µ—Ç —Ä–∞–∑—Ä—ã–≤ —Å–æ –∑–Ω–∞–º–µ–Ω–∏—Ç—ã–º —Ä–æ–∫–µ—Ä–æ–º. –ü–∞—Ä–∞ —Ä–∞—Å—Å—Ç–∞–ª–∞—Å—å –≤ –ø—Ä–æ—à–ª–æ–º –≥–æ–¥—É, –æ —á–µ–º –æ–±—ä—è–≤–∏–ª —Å–∞–º –°–µ—Ä–≥–µ–π —á–µ—Ä–µ–∑ —Å–æ—Ü—Å–µ—Ç–∏.
https://www.vesti.ru/doc.html?id=3162091	–ó–∞–¥—Ä–µ–º–∞–≤—à–∏–π —Ç—Ä–∞–∫—Ç–æ—Ä–∏—Å—Ç –æ–ø—Ä–æ–∫–∏–Ω—É–ª –º–∞—à–∏–Ω—É –Ω–∞ —á–∏–Ω–∏–≤—à–µ–≥–æ –µ–µ –≤–æ–¥–∏—Ç–µ–ª—è	–°—Ç—Ä–∞—à–Ω–∞—è –∞–≤–∞—Ä–∏—è –ø—Ä–æ–∏–∑–æ—à–ª–∞ –≤ –ë–∞—à–∫–∏—Ä–∏–∏, –≥–¥–µ —É—Å–Ω—É–≤—à–∏–π –∑–∞ —Ä—É–ª–µ–º —Ç—Ä–∞–∫—Ç–æ—Ä–∏—Å—Ç —Å–º—è–ª –Ω–µ—Å–∫–æ–ª—å–∫–æ –∞–≤—Ç–æ–º–æ–±–∏–ª–µ–π, –æ—Ç–±—Ä–æ—Å–∏–≤ –æ–¥–Ω—É –∏–∑ –Ω–∏—Ö –Ω–∞ –∑–∞–Ω–∏–º–∞–≤—à–µ–≥–æ—Å—è —Ä–µ–º–æ–Ω—Ç–æ–º –º—É–∂—á–∏–Ω—É. –ö–∞–º–µ—Ä–∞ –Ω–∞–±–ª—é–¥–µ–Ω–∏—è –∑–∞—Ñ–∏–∫—Å–∏—Ä–æ–≤–∞–ª–∞ –º–æ–º–µ–Ω—Ç –î–¢–ü.
https://tvkultura.ru/article/show/article_id/346481/	–°–ú–û–¢–†–ò–ú –ì–õ–ê–í–ù–û–ï, –í–ï–°–¢–ò, –§–ò–õ–¨–ú–´, –°–ï–†–ò–ê–õ–´, –®–û–£ –ò –≠–§–ò–† –†–û–°–°–ò–ô–°–ö–ò–• –ö–ê–ù–ê–õ–û–í	–í–µ—Å—å –≤–∏–¥–µ–æ –∏ –∞—É–¥–∏–æ –∫–æ–Ω—Ç–µ–Ω—Ç –í–ì–¢–†–ö ‚Äî —Ñ–∏–ª—å–º—ã, —Å–µ—Ä–∏–∞–ª—ã, —à–æ—É, –∫–æ–Ω—Ü–µ—Ä—Ç—ã, –ø–µ—Ä–µ–¥–∞—á–∏, –∏–Ω—Ç–µ—Ä–≤—å—é, –º—É–ª—å—Ç—Ñ–∏–ª—å–º—ã, –∞–∫—Ç—É–∞–ª—å–Ω—ã–µ –Ω–æ–≤–æ—Å—Ç–∏ –∏ —Ç–µ–º—ã –¥–Ω—è, –∞—Ä—Ö–∏–≤ –∏ –ø—Ä—è–º–æ–π —ç—Ñ–∏—Ä –≤—Å–µ—Ö —Ç–µ–ª–µ–∫–∞–Ω–∞–ª–æ–≤ –∏ —Ä–∞–¥–∏–æ—Å—Ç–∞–Ω—Ü–∏–π —Ö–æ–ª–¥–∏–Ω–≥–∞. –¢–í –ø—Ä–æ–≥—Ä–∞–º–º–∞. –°–º–æ—Ç—Ä–∏–º - –≤ —Ö–æ—Ä–æ—à–µ–º –∫–∞—á–µ—Å—Ç–≤–µ –Ω–∞ –ª—é–±–æ–º —É—Å—Ç—Ä–æ–π—Å—Ç–≤–µ –∏ –≤ —É–¥–æ–±–Ω–æ–µ –¥–ª—è –≤–∞—Å –≤—Ä–µ–º—è!
http://inkazan.ru/news/incident/25-06-2019/pytavshihsya-ubit-neskolkih-chelovek-muzhchin-zaderzhali-v-yugre	–ü—ã—Ç–∞–≤—à–∏—Ö—Å—è —É–±–∏—Ç—å –Ω–µ—Å–∫–æ–ª—å–∫–∏—Ö —á–µ–ª–æ–≤–µ–∫ –º—É–∂—á–∏–Ω –∑–∞–¥–µ—Ä–∂–∞–ª–∏ –≤ –Æ–≥—Ä–µ	–ß–µ—Ç–≤–µ—Ä—ã—Ö –º—É–∂—á–∏–Ω –∑–∞–¥–µ—Ä–∂–∞–ª–∏ –≤ –•–∞–Ω—Ç—ã-–ú–∞–Ω—Å–∏–π—Å–∫–æ–º –∞–≤—Ç–æ–Ω–æ–º–Ω–æ–º –æ–∫—Ä—É–≥–µ –ø–æ –ø–æ–¥–æ–∑—Ä–µ–Ω–∏—é –≤ –ø–æ–ø—ã—Ç–∫–µ —É–±–∏–π—Å—Ç–≤–∞ –º—É–∂—á–∏–Ω—ã –∏ –¥–≤—É—Ö –∂–µ–Ω—â–∏–Ω. | Inkazan
http://sports.ru/figure-skating/1076013594.html	–ê–ª–∏–Ω–∞ –ó–∞–≥–∏—Ç–æ–≤–∞: ¬´–î—É–º–∞—é –ø–æ–ø—Ä–æ–±–æ–≤–∞—Ç—å —Å–µ–±—è –≤ –º–æ–¥–µ–ª—å–Ω–æ–º –±–∏–∑–Ω–µ—Å–µ. –Ø —Å—Ç–∞–ª–∞ –±–æ–ª–µ–µ —Ä–∞—Å–∫—Ä–µ–ø–æ—â–µ–Ω–Ω–æ–π¬ª	–û–ª–∏–º–ø–∏–π—Å–∫–∞—è —á–µ–º–ø–∏–æ–Ω–∫–∞ –ø–æ —Ñ–∏–≥—É—Ä–Ω–æ–º—É –∫–∞—Ç–∞–Ω–∏—é –ê–ª–∏–Ω–∞ –ó–∞–≥–∏—Ç–æ–≤–∞ —Ä–∞—Å—Å–∫–∞–∑–∞–ª–∞ –æ —Ç–æ–º, –∫–∞–∫ —Å–ø—Ä–∞–≤–ª—è–µ—Ç—Å—è —Å –ø–æ–ø—É–ª—è—Ä–Ω–æ—Å—Ç—å—é.
http://agroinvestor.ru/analytics/news/31945-analitiki-snizili-prognozy-eksporta-zerna-v-novom-sezone	–ê–Ω–∞–ª–∏—Ç–∏–∫–∏ —Å–Ω–∏–∑–∏–ª–∏ –ø—Ä–æ–≥–Ω–æ–∑—ã —ç–∫—Å–ø–æ—Ä—Ç–∞ –∑–µ—Ä–Ω–∞ –≤ –Ω–æ–≤–æ–º —Å–µ–∑–æ–Ω–µ ‚Äî –ê–≥—Ä–æ–∏–Ω–≤–µ—Å—Ç–æ—Ä	–ü–µ—Ä–≤–æ–µ —Å—É–¥–Ω–æ —Å –Ω–æ–≤—ã–º —É—Ä–æ–∂–∞–µ–º –ø—à–µ–Ω–∏—Ü—ã –æ—Ç–ø—Ä–∞–≤–∏–ª–æ—Å—å –≤ –¢—É—Ä—Ü–∏—é
https://neonomad.kz/byla-luzha-krovi-selchanin-iz-almatinskoj-oblasti-obvinil-zamakima-v-izbienii/	¬´–ë—ã–ª–∞ –ª—É–∂–∞ –∫—Ä–æ–≤–∏¬ª: —Å–µ–ª—å—á–∞–Ω–∏–Ω –∏–∑ –ê–ª–º–∞—Ç–∏–Ω—Å–∫–æ–π –æ–±–ª–∞—Å—Ç–∏ –æ–±–≤–∏–Ω–∏–ª –∑–∞–º–∞–∫–∏–º–∞ –≤ –∏–∑–±–∏–µ–Ω–∏–∏	–°–µ–ª—å—á–∞–Ω–∏–Ω –∏–∑ –ê–ª–º–∞—Ç–∏–Ω—Å–∫–æ–π –æ–±–ª–∞—Å—Ç–∏ –æ–±–≤–∏–Ω–∏–ª –∑–∞–º–∞–∫–∏–º–∞ –≤ –∂–µ—Å—Ç–æ–∫–æ–º –∏–∑–±–∏–µ–Ω–∏–∏. –Ø–∫–æ–±—ã —Ç–æ—Ç –Ω–∞–ø–∞–ª –Ω–∞ –Ω–µ–≥–æ –ø—Ä—è–º–æ —É –∑–¥–∞–Ω–∏—è –∞–∫–∏–º–∞—Ç–∞, —Å–ª–æ–º–∞–ª —á–µ–ª—é—Å—Ç—å. –í –∞–∫–∏–º–∞—Ç–µ –≤—Å–µ –æ–±–≤–∏–Ω–µ–Ω–∏—è
https://www.cosmo.ru/stars/news/21-06-2019/u-menya-est-grud-eks-nevestu-baskova-obidelo-sravnenie-s-buzovoy/	¬´–£ –º–µ–Ω—è –µ—Å—Ç—å –≥—Ä—É–¥—å¬ª: —ç–∫—Å-–Ω–µ–≤–µ—Å—Ç—É –ë–∞—Å–∫–æ–≤–∞ –æ–±–∏–¥–µ–ª–æ —Å—Ä–∞–≤–Ω–µ–Ω–∏–µ —Å –ë—É–∑–æ–≤–æ–π	38-–ª–µ—Ç–Ω—è—è –ø–µ–≤–∏—Ü–∞ –∏ –º–æ–¥–µ–ª—å –°–æ—Ñ–∏ –ö–∞–ª—å—á–µ–≤–∞ –∑–∞—è–≤–∏–ª–∞, —á—Ç–æ –æ–Ω–∞ –∫—Ä–∞—Å–∏–≤–µ–µ 33-–ª–µ—Ç–Ω–µ–π –∑–≤–µ–∑–¥—ã ¬´–î–æ–º–∞-2¬ª –û–ª—å–≥–∏ –ë—É–∑–æ–≤–æ–π. –ë–æ–ª–µ–µ —Ç–æ–≥–æ, –±—ã–≤—à–∞—è –Ω–µ–≤–µ—Å—Ç–∞ –ù–∏–∫–æ–ª–∞—è –ë–∞—Å–∫–æ–≤–∞ —É—Ç–≤–µ—Ä–∂–¥–∞–µ—Ç, —á—Ç–æ –ø–æ—é—â–∞—è
http://lt.sputniknews.ru/incidents/20190623/9398144/Spasateli-rasskazali-o-koshmarnoy-situatsii-na-plyazhakh-Palangi.html	–°–ø–∞—Å–∞—Ç–µ–ª–∏ —Ä–∞—Å—Å–∫–∞–∑–∞–ª–∏ –æ "–∫–æ—à–º–∞—Ä–Ω–æ–π" —Å–∏—Ç—É–∞—Ü–∏–∏ –Ω–∞ –ø–ª—è–∂–∞—Ö –ü–∞–ª–∞–Ω–≥–∏	–í —Å—É–±–±–æ—Ç—É –±—ã–ª–∏ —Å–ø–∞—Å–µ–Ω—ã –ø—è—Ç—å —á–µ–ª–æ–≤–µ–∫, –∏ –≤—Å–µ –æ–Ω–∏ –æ–∫–∞–∑–∞–ª–∏—Å—å –≤ —Å–æ—Å—Ç–æ—è–Ω–∏–∏ –∞–ª–∫–æ–≥–æ–ª—å–Ω–æ–≥–æ –æ–ø—å—è–Ω–µ–Ω–∏—è
https://kazanfirst.ru/news/494057	–í –¢–∞—Ç–∞—Ä—Å—Ç–∞–Ω–µ —Å–æ–∂–≥–ª–∏ –¥–æ–º –≤–º–µ—Å—Ç–µ —Å –ø–µ–Ω—Å–∏–æ–Ω–µ—Ä–æ–º	–ö–∞–Ω–∏—Å—Ç—Ä—É —Å –≤–æ—Å–ø–ª–∞–º–µ–Ω—è—é—â–µ–π—Å—è –∂–∏–¥–∫–æ—Å—Ç—å—é –Ω–∞—à–ª–∏ —Ä—è–¥–æ–º —Å —Ç–µ–ª–æ–º –ø–æ–≥–∏–±—à–µ–≥–æ.
http://inkazan.ru/news/city/26-06-2019/stali-izvestny-daty-otklyucheniya-goryachey-vody-v-kazani-v-iyule	–°—Ç–∞–ª–∏ –∏–∑–≤–µ—Å—Ç–Ω—ã –¥–∞—Ç—ã –æ—Ç–∫–ª—é—á–µ–Ω–∏—è –≥–æ—Ä—è—á–µ–π –≤–æ–¥—ã –≤¬†–ö–∞–∑–∞–Ω–∏ –≤¬†–∏—é–ª–µ	–ò—Å–ø–æ–ª–Ω–∏—Ç–µ–ª—å–Ω—ã–π –∫–æ–º–∏—Ç–µ—Ç –ö–∞–∑–∞–Ω–∏ –æ–ø—É–±–ª–∏–∫–æ–≤–∞–ª –≥—Ä–∞—Ñ–∏–∫ –æ—Ç–∫–ª—é—á–µ–Ω–∏—è –≥–æ—Ä—è—á–µ–≥–æ –≤–æ–¥–æ—Å–Ω–∞–±–∂–µ–Ω–∏—è –≤¬†–≥–æ—Ä–æ–¥–µ –Ω–∞¬†–∏—é–ª—å —ç—Ç–æ–≥–æ –≥–æ–¥–∞. | Inkazan
https://www.cosmo.ru/stars/news/02-07-2019/viktoriyu-bonyu-zhestoko-razygrali-na-tureckom-kurorte/	–í–∏–∫—Ç–æ—Ä–∏—é –ë–æ–Ω—é ¬´–∂–µ—Å—Ç–æ–∫–æ —Ä–∞–∑—ã–≥—Ä–∞–ª–∏¬ª –Ω–∞ —Ç—É—Ä–µ—Ü–∫–æ–º –∫—É—Ä–æ—Ä—Ç–µ	–í–∏–∫—Ç–æ—Ä–∏—è –ë–æ–Ω—è –ø–æ–¥–µ–ª–∏–ª–∞—Å—å –≤–∏–¥–µ–æ "–∂–µ—Å—Ç–æ–∫–æ–≥–æ —Ä–æ–∑—ã–≥—Ä—ã—à–∞" –Ω–∞ –æ—Ç–¥—ã—Ö–µ. –í–º–µ—Å—Ç–æ —Ñ–æ—Ç–æ—Å–µ—Å—Å–∏–∏ –µ–π —É—Å—Ç—Ä–æ–∏–ª–∏ –≤–∏–¥–µ–æ—Å—ä–µ–º–∫—É.
http://sports.ru/tribuna/blogs/centre/2500388.html	¬´–û–Ω –ø–æ–¥–∫—Ä–∞–ª—Å—è —Å–∑–∞–¥–∏ –∏ –ø—Ä–∏—Å—Ç–∞–≤–∏–ª —Å–≤–æ–π –±–æ–ª—Ç –∫ –º–æ–µ–º—É –ª–∏—Ü—É¬ª. –ë—ã–≤—à–∏–π —Ç–∞—Ñ–≥–∞–π —Ä–∞—Å–∫—Ä—ã–≤–∞–µ—Ç —Å–µ–∫—Ä–µ—Ç—ã –ù–•–õ	–ì–æ–≤–æ—Ä–∏—Ç, —á—Ç–æ 11,6 –º–ª–Ω –ü–∞–Ω–∞—Ä–∏–Ω—É ‚Äì —ç—Ç–æ –Ω–µ —Ç–∞–∫ –º–Ω–æ–≥–æ.
https://gazeta.a42.ru/lenta/news/58144_tryohletnyuyu-devochku-s-probitoi-golovoi-nashli-v-podezde-v	–¢—Ä—ë—Ö–ª–µ—Ç–Ω—é—é –¥–µ–≤–æ—á–∫—É —Å –ø—Ä–æ–±–∏—Ç–æ–π –≥–æ–ª–æ–≤–æ–π –Ω–∞—à–ª–∏ –≤ –ø–æ–¥—ä–µ–∑–¥–µ –≤ –õ–µ–Ω–∏–Ω–≥—Ä–∞–¥—Å–∫–æ–π –æ–±–ª–∞—Å—Ç–∏	–ü–æ–∑–¥–Ω–µ–µ –≤ –ø–æ–ª–∏—Ü–∏—é –¥–æ—Å—Ç–∞–≤–∏–ª–∏ –∂–µ–Ω—â–∏–Ω—É 1961 –≥–æ–¥–∞ —Ä–æ–∂–¥–µ–Ω–∏—è –ø–æ –ø–æ–¥–æ–∑—Ä–µ–Ω–∏—é –≤ –Ω–∞–Ω–µ—Å–µ–Ω–∏–∏ —Ç—è–∂—ë–ª—ã—Ö –ø–æ–≤—Ä–µ–∂–¥–µ–Ω–∏–π —Ä–µ–±—ë–Ω–∫—É
https://tolknews.ru/news/18390-opravdatelnyj-prigovor-sobstvenniku-avtobusa-otmenen-na-altae	–û—Ç–º–µ–Ω–µ–Ω –æ–ø—Ä–∞–≤–¥–∞—Ç–µ–ª—å–Ω—ã–π –ø—Ä–∏–≥–æ–≤–æ—Ä —Å–æ–±—Å—Ç–≤–µ–Ω–Ω–∏–∫—É –∞–≤—Ç–æ–±—É—Å–∞ –Ω–∞ –ê–ª—Ç–∞–µ, –≥–¥–µ –ø–æ–≥–∏–±–ª–∏ –ª—é–¥–∏	–ó–∏–º–æ–π 2017 –≥–æ–¥–∞ –≤ –ö–æ—Å–∏—Ö–∏–Ω—Å–∫–æ–º —Ä–∞–π–æ–Ω–µ –ø—Ä–æ–∏–∑–æ—à–ª–æ —Å—Ç—Ä–∞—à–Ω–æ–µ –î–¢–ü, –≤ –∫–æ—Ç–æ—Ä–æ–º –ø–æ–≥–∏–±–ª–∏ –Ω–µ—Å–∫–æ–ª—å–∫–æ –ø–∞—Å—Å–∞–∂–∏—Ä–æ–≤ –∞–≤—Ç–æ–±—É—Å–∞
http://lt.sputniknews.ru/society/20190704/9516869/Evropeyskiy-sud-podderzhal-reshenie-Litvy-po-kanalu-NTV-Mir-Lithuania.html	–ï–≤—Ä–æ–ø–µ–π—Å–∫–∏–π —Å—É–¥ –ø–æ–¥–¥–µ—Ä–∂–∞–ª —Ä–µ—à–µ–Ω–∏–µ –õ–∏—Ç–≤—ã –ø–æ –∫–∞–Ω–∞–ª—É NTV Mir Lithuania	–í 2016 –≥–æ–¥—É –≤–µ—â–∞–Ω–∏–µ —Ç–µ–ª–µ–∫–∞–Ω–∞–ª–∞ –±—ã–ª–æ –ø—Ä–∏–æ—Å—Ç–∞–Ω–æ–≤–ª–µ–Ω–æ –Ω–∞ 12 –º–µ—Å—è—Ü–µ–≤, –æ–¥–Ω–∞–∫–æ –æ—Å—Ç–∞–ª–∞—Å—å –≤–æ–∑–º–æ–∂–Ω–æ—Å—Ç—å —Ç—Ä–∞–Ω—Å–ª—è—Ü–∏–∏ –ø—Ä–æ–≥—Ä–∞–º–º –≤ –ø–ª–∞—Ç–Ω—ã—Ö –ø–∞–∫–µ—Ç–∞—Ö
http://uz.sputniknews.ru/society/20190808/12201428/Saida-Mirzieva-trogatelno-pozdravila-sestru-s-dnem-rozhdeniya.html	–°–∞–∏–¥–∞ –ú–∏—Ä–∑–∏—ë–µ–≤–∞ —Ç—Ä–æ–≥–∞—Ç–µ–ª—å–Ω–æ –ø–æ–∑–¥—Ä–∞–≤–∏–ª–∞ —Å–µ—Å—Ç—Ä—É —Å –¥–Ω–µ–º —Ä–æ–∂–¥–µ–Ω–∏—è	–°–∞–º–∞ –∏–º–µ–Ω–∏–Ω–Ω–∏—Ü–∞ —É–∂–µ –æ—Ç–≤–µ—Ç–∏–ª–∞ –≤ –∫–æ–º–º–µ–Ω—Ç–∞—Ä–∏—è—Ö –∫ –ø–æ—Å—Ç—É –≤ Instagram, –ø—Ä–∏–∑–Ω–∞–≤—à–∏—Å—å –≤ –ª—é–±–≤–∏ –∫ —Å–µ—Å—Ç—Ä–µ.
http://mur.tv/bolnoj-pes-zhdal-pomoshhi-ot-xozyaina-no-tot-reshil-chto-brosit-sobaku-gorazdo-proshhe	–°–æ–±–∞—á–∫—É –±—Ä–æ—Å–∏–ª–∏ –∏–∑-–∑–∞ –±–æ–ª–µ–∑–Ω–∏. | –ú—É—Ä –¢–í	–ú–∏–ª–æ–≥–æ –±—É–ª—å–¥–æ–∂–∫—É –æ—Ç–¥–∞–ª–∏ –≤ –ø—Ä–∏—é—Ç. –í —Ç–æ—Ç –º–æ–º–µ–Ω—Ç –æ–Ω –Ω—É–∂–¥–∞–ª—Å—è –≤ —Å–µ—Ä—å–µ–∑–Ω–æ–º –ª–µ—á–µ–Ω–∏–∏, –∏ —Ö–æ–∑—è–µ–≤–∞ —Ä–µ—à–∏–ª–∏, —á—Ç–æ –ø—Ä–æ—â–µ –±—É–¥–µ—Ç –∏–∑–±–∞–≤–∏—Ç—Å—è –æ—Ç —Å–æ–±–∞–∫–∏.
http://karelinform.ru/news/incident/24-07-2019/voditel-umer-za-rulem-v-karelii	–í–æ–¥–∏—Ç–µ–ª—å —É–º–µ—Ä –∑–∞ —Ä—É–ª–µ–º –≤ –ö–∞—Ä–µ–ª–∏–∏	–í –ú—É–µ–∑–µ—Ä—Å–∫–æ–º —Ä–∞–π–æ–Ω–µ –≤–æ–¥–∏—Ç–µ–ª—é —Å—Ç–∞–ª–æ –ø–ª–æ—Ö–æ, –∏–∑-–∑–∞ —á–µ–≥–æ –æ–Ω —Å–æ–≤–µ—Ä—à–∏–ª –î–¢–ü –∏ —Å–∫–æ–Ω—á–∞–ª—Å—è | –ö–∞—Ä–µ–ª–ò–Ω—Ñ–æ—Ä–º
https://www.igromania.ru/news/84650/V_PlayStation_Store_startovala_masshtabnaya_letnyaya_rasprodazha.html	–í PlayStation Store —Å—Ç–∞—Ä—Ç–æ–≤–∞–ª–∞ –º–∞—Å—à—Ç–∞–±–Ω–∞—è –ª–µ—Ç–Ω—è—è —Ä–∞—Å–ø—Ä–æ–¥–∞–∂–∞ 	–û–Ω–∞ –ø—Ä–æ–¥–ª–∏—Ç—Å—è –¥–æ 22 –∞–≤–≥—É—Å—Ç–∞. 
http://f1news.ru/interview/bottas/137846.shtml	–í–∞–ª—Ç—Ç–µ—Ä–∏ –ë–æ—Ç—Ç–∞—Å: –ù–∞–¥–æ –±—ã—Ç—å —á–µ—Å—Ç–Ω—ã–º –ø–µ—Ä–µ–¥ —Å–∞–º–∏–º —Å–æ–±–æ–π	–í–∞–ª—Ç—Ç–µ—Ä–∏ –ë–æ—Ç—Ç–∞—Å –ø—Ä–∏–∑–Ω–∞–ª, —á—Ç–æ –Ω–µ —Å–∞–º—ã–π —Ä–µ–∑—É–ª—å—Ç–∞—Ç–∏–≤–Ω—ã–π –≥–æ–Ω–æ—á–Ω—ã–π —É–∏–∫-—ç–Ω–¥ –≤ –ö–∞–Ω–∞–¥–µ —Å—Ç–∞–ª —Å–ª–µ–¥—Å—Ç–≤–∏–µ–º –µ–≥–æ —Å–æ–±—Å—Ç–≤–µ–Ω–Ω—ã—Ö –æ—à–∏–±–æ–∫, –∫–æ—Ç–æ—Ä—ã–µ –æ–Ω –ø—Ä–æ–∞–Ω–∞–ª–∏–∑–∏—Ä–æ–≤–∞–ª, –∏ —Ç–µ–ø–µ—Ä—å –≥–æ—Ç–æ–≤ –ø—Ä–æ–¥–æ–ª–∂–∏—Ç—å –±–æ—Ä—å–±—É...
https://www.goodhouse.ru/obshchestvo/novosti/sasha-takaya-krasivaya-i-vzroslaya-svetlana-zeynalova-vylozhila-selfi-s-dochkami/	¬´–°–∞—à–∞ —Ç–∞–∫–∞—è –∫—Ä–∞—Å–∏–≤–∞—è –∏ –≤–∑—Ä–æ—Å–ª–∞—è¬ª: –°–≤–µ—Ç–ª–∞–Ω–∞ –ó–µ–π–Ω–∞–ª–æ–≤–∞ –≤—ã–ª–æ–∂–∏–ª–∞ —Å–µ–ª—Ñ–∏ —Å –¥–æ—á–∫–∞–º–∏	42-–ª–µ—Ç–Ω—è—è —Ç–µ–ª–µ–≤–µ–¥—É—â–∞—è –≤—Å–µ —Å–≤–æ–±–æ–¥–Ω–æ–µ –≤—Ä–µ–º—è —É–¥–µ–ª—è–µ—Ç –ê–ª–µ–∫—Å–∞–Ω–¥—Ä–µ –∏ –≥–æ–¥–æ–≤–∞–ª–æ–π –í–µ—Ä–æ–Ω–∏–∫–µ.
http://car.ru/news/automobili/48147-glava-silnoy-rossii-vstupil-v-polemiku-s-gibdd-po-pravilam-dorozhnogo-dvizheniya	–ì–ª–∞–≤–∞ ¬´–°–∏–ª—å–Ω–æ–π –†–æ—Å—Å–∏–∏¬ª –≤—Å—Ç—É–ø–∏–ª –≤ –ø–æ–ª–µ–º–∏–∫—É —Å –ì–ò–ë–î–î –ø–æ –ø—Ä–∞–≤–∏–ª–∞–º –¥–æ—Ä–æ–∂–Ω–æ–≥–æ –¥–≤–∏–∂–µ–Ω–∏—è	–†–µ–≤–∏–∑–∏—è –ø—Ä–∞–≤–∏–ª –¥–æ—Ä–æ–∂–Ω–æ–≥–æ –¥–≤–∏–∂–µ–Ω–∏—è –≤¬†–†–æ—Å—Å–∏–∏ –º–æ–∂–µ—Ç —Ç–æ–ª—å–∫–æ —É—Å—É–≥—É–±–∏—Ç—å –ø—Ä–æ–±–ª–µ–º—É –±–µ–∑–æ–ø–∞—Å–Ω–æ—Å—Ç–∏, —Å—á–∏—Ç–∞–µ—Ç –≥–ª–∞–≤–∞ –æ–±—â–µ—Ä–æ—Å—Å–∏–π—Å–∫–æ–≥–æ –¥–≤–∏–∂–µ–Ω–∏—è ¬´–°–∏–ª—å–Ω–∞—è –†–æ—Å—Å–∏—è¬ª –ê–Ω—Ç–æ–Ω –¶–≤–µ—Ç–∫–æ–≤. –°¬†—Ç–∞–∫–∏–º –º–Ω–µ–Ω–∏–µ–º –æ–Ω¬†–≤—ã—Å—Ç—É–ø–∏–ª –≤¬†–æ—Ç–≤–µ—Ç –Ω–∞¬†–∏–Ω–∏—Ü–∏–∞—Ç–∏–≤—É –ì–ò–ë–î–î –ø–æ¬†–∞–Ω–∞–ª–∏–∑—É –∞–∫—Ç—É–∞–ª—å–Ω–æ—Å—Ç–∏ –¥–µ–π—Å—Ç–≤—É—é—â–µ–≥–æ —Å–≤–æ–¥–∞ —Ä–æ—Å—Å–∏–π—Å–∫–∏—Ö –ü–î–î.
https://riamo.ru/article/365421/retsidivist-v-ssore-zarezal-svoego-znakomogo-v-dmitrovskom-okruge.xl	–†–µ—Ü–∏–¥–∏–≤–∏—Å—Ç –≤ —Å—Å–æ—Ä–µ –∑–∞—Ä–µ–∑–∞–ª —Å–≤–æ–µ–≥–æ –∑–Ω–∞–∫–æ–º–æ–≥–æ –≤ –î–º–∏—Ç—Ä–æ–≤—Å–∫–æ–º –æ–∫—Ä—É–≥–µ	–ü–æ –¥–∞–Ω–Ω–æ–º—É —Ñ–∞–∫—Ç—É –≤–æ–∑–±—É–∂–¥–µ–Ω–æ —É–≥–æ–ª–æ–≤–Ω–æ–µ –¥–µ–ª–æ.
http://karelinform.ru/news/society/04-07-2019/zhiteli-karelii-mogut-vyvozit-za-granitsu-alkogol-i-sigarety-bez-ogranicheniy	–ñ–∏—Ç–µ–ª–∏ –ö–∞—Ä–µ–ª–∏–∏ –º–æ–≥—É—Ç –≤—ã–≤–æ–∑–∏—Ç—å –∑–∞ –≥—Ä–∞–Ω–∏—Ü—É –∞–ª–∫–æ–≥–æ–ª—å –∏ —Å–∏–≥–∞—Ä–µ—Ç—ã –±–µ–∑ –æ–≥—Ä–∞–Ω–∏—á–µ–Ω–∏–π	–†–µ—à–µ–Ω–∏–µ –¥–µ–π—Å—Ç–≤—É–µ—Ç –Ω–∞ –≤—Å–µ–π —Ç–µ—Ä—Ä–∏—Ç–æ—Ä–∏–∏ –ï–≤—Ä–∞–∑–∏–π—Å–∫–æ–≥–æ —ç–∫–æ–Ω–æ–º–∏—á–µ—Å–∫–æ–≥–æ —Å–æ—é–∑–∞, –≤ —Ç–æ–º —á–∏—Å–ª–µ –∏ –≤ –†–æ—Å—Å–∏–∏ | –ö–∞—Ä–µ–ª–ò–Ω—Ñ–æ—Ä–º
https://govoritmoskva.ru/news/202228/	–ñ–∏—Ç–µ–ª–∏ –ø–æ—Å—ë–ª–∫–∞ –ø–æ–¥ –ö—Ä–∞—Å–Ω–æ–¥–∞—Ä–æ–º –æ—Ç—Ä–∞–≤–∏–ª–∏—Å—å –≤–æ–¥–æ–π	–í –±–æ–ª—å–Ω–∏—Ü—É —Å –æ—Å—Ç—Ä–æ–π –∫–∏—à–µ—á–Ω–æ–π –∏–Ω—Ñ–µ–∫—Ü–∏–µ–π –ø–æ–ø–∞–ª–∏ 20 —á–µ–ª–æ–≤–µ–∫.
http://fn-volga.ru/news/view/id/126934	–§–µ–¥–µ—Ä–∞–ª—å–Ω—ã–µ —ç–∫—Å–ø–µ—Ä—Ç—ã –æ—Ü–µ–Ω–∏–ª–∏ –±–ª–∞–≥–æ–¥–∞—Ä–Ω–æ—Å—Ç—å –†–∞–¥–∞–µ–≤–∞ –í–æ–ª–æ–¥–∏–Ω—É –∑–∞ –±–µ—Å–µ–¥—É –æ ¬´–ü–æ–±–µ–¥–µ¬ª	–§–µ–¥–µ—Ä–∞–ª—å–Ω—ã–µ —ç–∫—Å–ø–µ—Ä—Ç—ã –æ—Ü–µ–Ω–∏–ª–∏ –±–ª–∞–≥–æ–¥–∞—Ä–Ω–æ—Å—Ç—å –†–∞–¥–∞–µ–≤–∞ –í–æ–ª–æ–¥–∏–Ω—É –∑–∞ –±–µ—Å–µ–¥—É –æ ¬´–ü–æ–±–µ–¥–µ¬ª ‚Äì —Å–∞–º—ã–µ –¥–æ—Å—Ç–æ–≤–µ—Ä–Ω—ã–µ –Ω–æ–≤–æ—Å—Ç–∏ –°–∞—Ä–∞—Ç–æ–≤–∞ –≤ –∏–Ω—Ñ–æ—Ä–º–∞—Ü–∏–æ–Ω–Ω–æ–º –∞–≥–µ–Ω—Ç—Å—Ç–≤–µ ¬´–°–≤–æ–±–æ–¥–Ω—ã–µ –Ω–æ–≤–æ—Å—Ç–∏. FreeNews-Volga¬ª. –ú—ã –µ–∂–µ–¥–Ω–µ–≤–Ω–æ —Ä–∞—Å—Å–∫–∞–∑—ã–≤–∞–µ–º –æ –Ω–æ–≤–æ—Å—Ç—è—Ö –≥–æ—Ä–æ–¥–∞ –∏ –†–æ—Å—Å–∏–∏
http://car.ru/news/automobili/47788-universalyi-so-vtorichnogo-ryinka-za-500-000-rubley	–£–Ω–∏–≤–µ—Ä—Å–∞–ª—ã —Å–æ –≤—Ç–æ—Ä–∏—á–Ω–æ–≥–æ —Ä—ã–Ω–∫–∞ –∑–∞ 500 000 —Ä—É–±–ª–µ–π	–°–µ–≥–æ–¥–Ω—è —Å—Ç–∞—Ç–∏—Å—Ç–∏–∫–∞ –¥–µ–º–æ–Ω—Å—Ç—Ä–∏—Ä—É–µ—Ç, —á—Ç–æ –≤—Å–µ –±–æ–ª—å—à–µ–µ –∫–æ–ª–∏—á–µ—Å—Ç–≤–æ –∞–≤—Ç–æ–ª—é–±–∏—Ç–µ–ª–µ–π –Ω–∞—à–µ–π —Å—Ç—Ä–∞–Ω—ã –ø—Ä–µ–¥–ø–æ—á–∏—Ç–∞—é—Ç –ø–æ–∫—É–ø–∞—Ç—å –∫—Ä–æ—Å—Å–æ–≤–µ—Ä—ã, –∫–æ—Ç–æ—Ä—ã–µ –æ—Ç–ª–∏—á–∞—é—Ç—Å—è –±–æ–ª—å—à–æ–π —É–Ω–∏–≤–µ—Ä—Å–∞–ª—å–Ω–æ—Å—Ç—å—é.
http://znak.com/2019-06-21/v_noyabrske_utrom_sgorel_mnogokvartirnyy_dvuhetazhnyy_dom	–í¬†–ù–æ—è–±—Ä—å—Å–∫–µ —É—Ç—Ä–æ–º —Å–≥–æ—Ä–µ–ª –º–Ω–æ–≥–æ–∫–≤–∞—Ä—Ç–∏—Ä–Ω—ã–π –¥–≤—É—Ö—ç—Ç–∞–∂–Ω—ã–π –¥–æ–º	–í –ù–æ—è–±—Ä—å—Å–∫–µ —Å–µ–≥–æ–¥–Ω—è, 21 –∏—é–Ω—è, —É—Ç—Ä–æ–º –ø–æ–∂–∞—Ä–Ω—ã–µ —Ç—É—à–∏–ª–∏ –≤–æ–∑–≥–æ—Ä–∞–Ω–∏–µ –≤ —Ä–∞—Å—Å–µ–ª–µ–Ω–Ω–æ–º –¥–µ—Ä–µ–≤—è–Ω–Ω–æ–º –¥–≤—É—Ö—ç—Ç–∞–∂–Ω–æ–º –¥–æ–º–µ –ø–æ —É–ª–∏—Ü–µ –ú–∏—Ä–∞
https://topcor.ru/9609-v-ssha-ubili-urozhenku-rossii-sluzhivshuju-v-amerikanskih-vvs.html	–í –°–®–ê —É–±–∏–ª–∏ —É—Ä–æ–∂–µ–Ω–∫—É –†–æ—Å—Å–∏–∏, —Å–ª—É–∂–∏–≤—à—É—é –≤ –∞–º–µ—Ä–∏–∫–∞–Ω—Å–∫–∏—Ö –í–í–°	–£—Ä–æ–∂–µ–Ω–∫–∞ –†–æ—Å—Å–∏–∏ –ê–ª–ª–∞ –ê—É—à–µ–≤–∞ –∏ –µ–µ –¥–≤–æ–µ –Ω–µ—Å–æ–≤–µ—Ä—à–µ–Ω–Ω–æ–ª–µ—Ç–Ω–∏—Ö –¥–µ—Ç–µ–π —Å—Ç–∞–ª–∏ –∂–µ—Ä—Ç–≤–∞–º–∏ –∂–µ—Å—Ç–æ–∫–æ–≥–æ –ø—Ä–µ—Å—Ç—É–ø–ª–µ–Ω–∏—è, –ø—Ä–æ–∏–∑–æ—à–µ–¥—à–µ–≥–æ –≤ –°–®–ê. –û–Ω–∏ –±—ã–ª–∏ —É–±–∏—Ç—ã –Ω–µ–∏–∑–≤–µ—Å—Ç–Ω—ã–º —É —Å–µ–±—è –¥–æ–º–∞.–ó–≤–æ–Ω–æ–∫ –≤ –ø–æ–ª–∏—Ü–∏—é –ù—å—é-–ô–æ—Ä–∫–∞ –ø–æ—Å—Ç—É–ø–∏–ª –ø—Ä–∏–º–µ—Ä–Ω–æ –≤ 10.30 (17.30 –º—Å–∫) –≤ —Å—É–±–±–æ—Ç—É 22 –∏—é–Ω—è. –ü–æ–ª–∏—Ü–µ–π—Å–∫–∏—Ö –≤—ã–∑–≤–∞–ª–∏ –≤ —Ä–∞–π–æ–Ω –°—Ç–µ–π—Ç–µ–Ω-–ê–π–ª–µ–Ω–¥, –≥–¥–µ
http://kazanfirst.ru/news/494603	–í –¢–∞—Ç–∞—Ä—Å—Ç–∞–Ω–µ –Ω–∞—à–ª–∏ 50 —Å–µ–ª –±–µ–∑ –ª—é–¥–µ–π	–ï—â–µ –≤ –±–æ–ª–µ–µ —á–µ–º 250 —Å–µ–ª—å—Å–∫–∏—Ö –Ω–∞—Å–µ–ª–µ–Ω–Ω—ã—Ö –ø—É–Ω–∫—Ç–∞—Ö –∂–∏–≤–µ—Ç –æ—Ç 1 –¥–æ 10 —á–µ–ª–æ–≤–µ–∫.¬†
http://riafan.ru/1190107-istochnik-raskryl-vrednye-privychki-keit-middlton	–ò—Å—Ç–æ—á–Ω–∏–∫ —Ä–∞—Å–∫—Ä—ã–ª –≤—Ä–µ–¥–Ω—ã–µ –ø—Ä–∏–≤—ã—á–∫–∏ –ö–µ–π—Ç –ú–∏–¥–¥–ª—Ç–æ–Ω	–ö–µ–π—Ç –ú–∏–¥–¥–ª—Ç–æ–Ω –≤–µ–¥–µ—Ç –∞–∫—Ç–∏–≤–Ω—ã–π –æ–±—Ä–∞–∑ –∂–∏–∑–Ω–∏, —É —Å—É–ø—Ä—É–≥–∏ –ø—Ä–∏–Ω—Ü–∞ –£–∏–ª—å—è–º–∞ –æ—á–µ–Ω—å –Ω–∞—Å—ã—â–µ–Ω–Ω–æ–µ —Ä–∞—Å–ø–∏—Å–∞–Ω–∏–µ.
https://riafan.ru/1193227-alibasov-nazval-syna-bolnym-chelovekom-za-zhelanie-propiaritsya-na-otravlenii-otca	–ê–ª–∏–±–∞—Å–æ–≤ –Ω–∞–∑–≤–∞–ª —Å—ã–Ω–∞ ¬´–±–æ–ª—å–Ω—ã–º —á–µ–ª–æ–≤–µ–∫–æ–º¬ª –∑–∞ –∂–µ–ª–∞–Ω–∏–µ –ø—Ä–æ–ø–∏–∞—Ä–∏—Ç—å—Å—è –Ω–∞ –æ—Ç—Ä–∞–≤–ª–µ–Ω–∏–∏ –æ—Ç—Ü–∞	–ü—Ä–æ–¥—é—Å–µ—Ä –ë–∞—Ä–∏ –ê–ª–∏–±–∞—Å–æ–≤ –Ω–∞–∑–≤–∞–ª —Å–≤–æ–µ–≥–æ —Å—ã–Ω–∞ ¬´–±–æ–ª—å–Ω—ã–º —á–µ–ª–æ–≤–µ–∫–æ–º¬ª –∑–∞ –∂–µ–ª–∞–Ω–∏–µ —Ç–æ–≥–æ –Ω–∞–∂–∏—Ç—å—Å—è –Ω–∞ –∏—Å—Ç–æ—Ä–∏–∏ —Å –æ—Ç—Ä–∞–≤–ª–µ–Ω–∏–µ–º.
https://politsib.ru/news/33306-novosibircy-vysli-na-piket-protiv-mestnoj-zivoderki	–ù–æ–≤–æ—Å–∏–±–∏—Ä—Ü—ã –≤—ã—à–ª–∏ –Ω–∞ –ø–∏–∫–µ—Ç –ø—Ä–æ—Ç–∏–≤ –º–µ—Å—Ç–Ω–æ–π –∂–∏–≤–æ–¥–µ—Ä–∫–∏	–ì–æ—Ä–æ–∂–∞–Ω–µ –ø–æ—Ç—Ä–µ–±–æ–≤–∞–ª–∏ –Ω–∞–∫–∞–∑–∞—Ç—å —É–±–∏–π—Ü –∫–æ—Ç–∞ –ú–æ—Ç–∏, –Ω–∞–π–¥–µ–Ω–Ω–æ–≥–æ —Ä–∞—Å—á–ª–µ–Ω—ë–Ω–Ω—ã–º
http://karelinform.ru/news/incident/25-06-2019/petrozavodchanke-na-piknike-prolomili-golovu-kamnem	–ü–µ—Ç—Ä–æ–∑–∞–≤–æ–¥—á–∞–Ω–∫–µ –Ω–∞ –ø–∏–∫–Ω–∏–∫–µ –ø—Ä–æ–ª–æ–º–∏–ª–∏ –≥–æ–ª–æ–≤—É –∫–∞–º–Ω–µ–º	–ü–æ–¥—Ä–æ–±–Ω–æ—Å—Ç–∏ —Ä–∞—Å—Å–∫–∞–∑–∞–ª–∏ –≤ –ø—Ä–µ—Å—Å-—Å–ª—É–∂–±–µ —Ä–µ—Å–ø—É–±–ª–∏–∫–∞–Ω—Å–∫–æ–≥–æ –ú–í–î | –ö–∞—Ä–µ–ª–ò–Ω—Ñ–æ—Ä–º
https://www.cosmo.ru/stars/news/01-07-2019/sasha-saveleva-soglasilas-prervat-dekret-za-350-tysyach-rubley/	–°–∞—à–∞ –°–∞–≤–µ–ª—å–µ–≤–∞ —Å–æ–≥–ª–∞—Å–∏–ª–∞—Å—å –ø—Ä–µ—Ä–≤–∞—Ç—å –¥–µ–∫—Ä–µ—Ç –∑–∞ 350 —Ç—ã—Å—è—á —Ä—É–±–ª–µ–π	–°–∞—à–∞ –°–∞–≤–µ–ª—å–µ–≤–∞ —Ä–æ–¥–∏–ª–∞ –ø–µ—Ä–≤–µ–Ω—Ü–∞ —Ç—Ä–∏ –º–µ—Å—è—Ü–∞ –Ω–∞–∑–∞–¥. –í –±–ª–∏–∂–∞–π—à–µ–µ –≤—Ä–µ–º—è –ø–µ–≤–∏—Ü–∞ –ø–ª–∞–Ω–∏—Ä—É–µ—Ç —Å–Ω–æ–≤–∞ –≤—ã–π—Ç–∏ –Ω–∞ —Å—Ü–µ–Ω—É.
http://mur.tv/plach-kotenka-zateryalsya-v-shume-tolpy-i-tolko-odin-paren-uslyshal-malysha	–ù–∞ —Ä—ã–Ω–∫–µ –∂–∞–ª–æ–±–Ω–æ –ø–ª–∞–∫–∞–ª –∫–æ—Ç–µ–Ω–æ–∫ | –ú—É—Ä –¢–í	–ú–∞–ª–µ–Ω—å–∫–∏–π –∫–æ—Ç–µ–Ω–æ–∫ –ø–ª–∞–∫–∞–ª –Ω–∞ —Ä—ã–Ω–∫–µ, –∞ –µ–≥–æ –ø–ª–∞—á —Ç–µ—Ä—è–ª—Å—è –≤ —à—É–º–µ —Ç–æ–ª–ø—ã. –ù–æ –∫—Ä–æ—Ö—É —É—Å–ª—ã—à–∞–ª –¥–æ–±—Ä—ã–π –ø–∞—Ä–µ–Ω—å, –∫–æ—Ç–æ—Ä—ã–π –ø–æ–∂–∞–ª–µ–ª –ø–∏—Ç–æ–º—Ü–∞ –∏ –∑–∞–±—Ä–∞–ª –µ–≥–æ –¥–æ–º–æ–π.
https://www.znak.com/2019-07-02/v_magnitogorske_shestimesyachnyy_malysh_pogib_popav_golovoy_mezhdu_duzhkami_krovatki	–í¬†–ú–∞–≥–Ω–∏—Ç–æ–≥–æ—Ä—Å–∫–µ —à–µ—Å—Ç–∏–º–µ—Å—è—á–Ω—ã–π –º–∞–ª—ã—à –ø–æ–≥–∏–±, –ø–æ–ø–∞–≤ –≥–æ–ª–æ–≤–æ–π –º–µ–∂–¥—É –¥—É–∂–∫–∞–º–∏ –∫—Ä–æ–≤–∞—Ç–∫–∏	–í –ú–∞–≥–Ω–∏—Ç–æ–≥–æ—Ä—Å–∫–µ —É—Å—Ç–∞–Ω–∞–≤–ª–∏–≤–∞—é—Ç—Å—è –æ–±—Å—Ç–æ—è—Ç–µ–ª—å—Å—Ç–≤–∞ —Å–º–µ—Ä—Ç–∏ —à–µ—Å—Ç–∏–º–µ—Å—è—á–Ω–æ–≥–æ –º–∞–ª—å—á–∏–∫–∞
https://ru.sputnik.md/video/20190624/26555008/strashnye-kadry-vzryvov-voinskaya-ciasti-kazahstsan.html	–°—Ç—Ä–∞—à–Ω—ã–µ –∫–∞–¥—Ä—ã –≤–∑—Ä—ã–≤–æ–≤ –≤ –≤–æ–∏–Ω—Å–∫–æ–π —á–∞—Å—Ç–∏ –≤ –ö–∞–∑–∞—Ö—Å—Ç–∞–Ω–µ - –≤–∏–¥–µ–æ	Sputnik –ú–æ–ª–¥–æ–≤–∞ –≥–æ–≤–æ—Ä–∏—Ç —Ç–æ, –æ —á–µ–º –¥—Ä—É–≥–∏–µ –º–æ–ª—á–∞—Ç
https://newdaynews.ru/chel/665244.html	–ù–∞ –Æ–∂–Ω–æ–º –£—Ä–∞–ª–µ –ø–∞—Å—Å–∞–∂–∏—Ä—Å–∫–∏–π –ø–æ–µ–∑–¥ —Å–±–∏–ª –¥–µ–≤—É—à–∫—É-–ø–æ–¥—Ä–æ—Å—Ç–∫–∞	–í –ß–µ–ª—è–±–∏–Ω—Å–∫–æ–π –æ–±–ª–∞—Å—Ç–∏ 17-–ª–µ—Ç–Ω—è—è –¥–µ–≤—É—à–∫–∞ –ø–æ–ø–∞–ª–∞ –ø–æ–¥ –ø–æ–µ–∑–¥. –ö–∞–∫ —Å–æ–æ–±—â–∏–ª–∏ –†–ò–ê ¬´–ù–æ–≤—ã–π –î–µ–Ω—å¬ª –≤ –ø—Ä–µ—Å—Å-—Å–ª—É–∂–±–µ –£—Ä–∞–ª—å—Å–∫–æ–≥–æ —Å–ª–µ–¥—Å—Ç–≤–µ–Ω–Ω–æ–≥–æ —É–ø—Ä–∞–≤–ª–µ–Ω–∏—è –°–ö–† –Ω–∞ —Ç—Ä–∞–Ω—Å–ø–æ—Ä—Ç–µ, –≤–æ–∑–±—É–∂–¥–µ–Ω–æ —É–≥–æ–ª–æ–≤–Ω–æ–µ –¥–µ–ª–æ –ø–æ —Ñ–∞–∫—Ç—É –∂–µ–ª–µ–∑–Ω–æ–¥–æ—Ä–æ–∂–Ω–æ–≥–æ —Ç—Ä–∞–≤–º–∏—Ä–æ–≤–∞–Ω–∏—è 17-–ª–µ—Ç–Ω–µ–π –¥–µ–≤–æ—á–∫–∏.
http://ru.sputnik.md/politics/20190703/26705554/kakie-voprosy-obsuzhdaet-lider-pridnestrovya-vo-vremya-vizita-v-moskvu.html	–ö–∞–∫–∏–µ –≤–æ–ø—Ä–æ—Å—ã –æ–±—Å—É–∂–¥–∞–µ—Ç –ª–∏–¥–µ—Ä –ü—Ä–∏–¥–Ω–µ—Å—Ç—Ä–æ–≤—å—è –≤–æ –≤—Ä–µ–º—è –≤–∏–∑–∏—Ç–∞ –≤ –ú–æ—Å–∫–≤—É	Sputnik –ú–æ–ª–¥–æ–≤–∞ –≥–æ–≤–æ—Ä–∏—Ç —Ç–æ, –æ —á–µ–º –¥—Ä—É–≥–∏–µ –º–æ–ª—á–∞—Ç
http://znak.com/2019-07-09/dva_deputata_dumy_zauralya_voshli_v_top_forbes_samyh_bogatyh_gossluzhachih_i_parlamentariev	–î–≤–∞ –¥–µ–ø—É—Ç–∞—Ç–∞ –¥—É–º—ã –ó–∞—É—Ä–∞–ª—å—è –≤–æ—à–ª–∏ –≤¬†—Ç–æ–ø Forbes —Å–∞–º—ã—Ö –±–æ–≥–∞—Ç—ã—Ö –≥–æ—Å—Å–ª—É–∂–∞—â–∏—Ö –∏¬†–ø–∞—Ä–ª–∞–º–µ–Ω—Ç–∞—Ä–∏–µ–≤	–ü–∞—Ä–ª–∞–º–µ–Ω—Ç–∞—Ä–∏–∏ –ö—É—Ä–≥–∞–Ω—Å–∫–æ–π –æ–±–ª–∞—Å—Ç–Ω–æ–π –¥—É–º—ã –î–º–∏—Ç—Ä–∏–π –ò–ª—å—Ç—è–∫–æ–≤ –∏ –û–ª–µ–≥ –ö–æ–ª—Ç–∞—à–æ–≤ –≤–æ—à–ª–∏ –≤ —Ä–µ–π—Ç–∏–Ω–≥ Forbes100 —Å–∞–º—ã—Ö –±–æ–≥–∞—Ç—ã—Ö –≥–æ—Å—Å–ª—É–∂–∞—â–∏—Ö –∏ –¥–µ–ø—É—Ç–∞—Ç–æ–≤
http://politros.com/146833-kitaiskie-smi-voskhisheny-tem-kak-rossiya-na-karibakh-postavila-ssha-na-mesto	–ö–∏—Ç–∞–π—Å–∫–∏–µ –°–ú–ò –≤–æ—Å—Ö–∏—â–µ–Ω—ã —Ç–µ–º, –∫–∞–∫ –†–æ—Å—Å–∏—è –Ω–∞ –ö–∞—Ä–∏–±–∞—Ö –ø–æ—Å—Ç–∞–≤–∏–ª–∞ –°–®–ê –Ω–∞ –º–µ—Å—Ç–æ	–ö–∞—Ä–∏–±—Å–∫–∏–π —Ç—Ä—é–∫ –†–æ—Å—Å–∏–∏ –ø—Ä–æ—Ç–∏–≤ –°–®–ê –≤–ø–µ—á–∞—Ç–ª–∏–ª –∫–∏—Ç–∞–π—Å–∫–∏—Ö —ç–∫—Å–ø–µ—Ä—Ç–æ–≤.
https://kazanfirst.ru/news/494398	–£–≥—Ä–æ–∂–∞—è –Ω–æ–∂–æ–º, –∂–∏—Ç–µ–ª—å –ù–∏–∂–Ω–µ–∫–∞–º—Å–∫–∞ –∑–∞–±—Ä–∞–ª —Ç–µ–ª–µ—Ñ–æ–Ω	–ü—Ä–µ—Å—Ç—É–ø–ª–µ–Ω–∏–µ –ø—Ä–æ–∏–∑–æ—à–ª–æ –≤ –æ—Ñ–∏—Å–µ –º–∏–∫—Ä–æ—Ñ–∏–Ω–∞–Ω—Å–∏—Ä–æ–≤–∞–Ω–∏—è.¬†
https://www.amic.ru/news/445012/	œˇÚËÎÂÚÌˇˇ ‰Â‚Ó˜Í‡ ËÁ ÕÓ‚ÓÍÛÁÌÂˆÍ‡ ÔÓÔ‡Î‡ ‚ Â‡ÌËÏ‡ˆË˛ ÔÓÒÎÂ ¯‡ÎÓÒÚË ‰‚Ûı ÒÂÒÚÂ	ƒÂ‚Ó˜Í‡ ‚ ÚˇÊÂÎÓÏ ÒÓÒÚÓˇÌËË Ì‡ıÓ‰ËÚÒˇ ‚ Â‡ÌËÏ‡ˆËË, ‚‡˜Ë ·Ó˛ÚÒˇ Á‡ ÂÂ ÊËÁÌ¸
http://lt.sputniknews.ru/economy/20190621/9386428/Prezident-Litvy-obradovalas-neobratimosti-vykhoda-respubliki-iz-BRELL.html	–ü—Ä–µ–∑–∏–¥–µ–Ω—Ç –õ–∏—Ç–≤—ã –æ–±—Ä–∞–¥–æ–≤–∞–ª–∞—Å—å "–Ω–µ–æ–±—Ä–∞—Ç–∏–º–æ—Å—Ç–∏" –≤—ã—Ö–æ–¥–∞ —Ä–µ—Å–ø—É–±–ª–∏–∫–∏ –∏–∑ –ë–†–≠–õ–õ	–ù–∞–∫–∞–Ω—É–Ω–µ —Å—Ç—Ä–∞–Ω—ã –ë–∞–ª—Ç–∏–∏, –ü–æ–ª—å—à–∞ –∏ –ï–≤—Ä–æ–∫–æ–º–∏—Å—Å–∏—è –ø–æ–¥–ø–∏—Å–∞–ª–∏ –ø–æ–ª–∏—Ç–∏—á–µ—Å–∫—É—é –¥–æ—Ä–æ–∂–Ω—É—é –∫–∞—Ä—Ç—É —Å–∏–Ω—Ö—Ä–æ–Ω–∏–∑–∞—Ü–∏–∏ —ç–Ω–µ—Ä–≥–æ—Å–µ—Ç–µ–π –ü—Ä–∏–±–∞–ª—Ç–∏–∫–∏ —Å —Å–µ—Ç—è–º–∏ –∫–æ–Ω—Ç–∏–Ω–µ–Ω—Ç–∞–ª—å–Ω–æ–π –ï–≤—Ä–æ–ø—ã
http://tv-wwe.ru/mark-genri-pokazyvaet-pochemu-on-dumaet-chto-cm-punk-vernet-pro-wrestling	–ú–∞—Ä–∫ –ì–µ–Ω—Ä–∏ –ø–æ–∫–∞–∑—ã–≤–∞–µ—Ç, –ø–æ—á–µ–º—É –æ–Ω –¥—É–º–∞–µ—Ç, —á—Ç–æ CM Punk –≤–µ—Ä–Ω–µ—Ç pro wrestling	–ú–∞—Ä–∫ –ì–µ–Ω—Ä–∏ —Å—á–∏—Ç–∞–µ—Ç, —á—Ç–æ –∑–Ω–∞–µ—Ç –ø—Ä–∏—á–∏–Ω—É, –ø–æ –∫–æ—Ç–æ—Ä–æ–π –±—ã–≤—à–∏–π —á–µ–º–ø–∏–æ–Ω WWE CM Punk –≤–µ—Ä–Ω–µ—Ç—Å—è –∫ –ø—Ä–æ—Ñ–µ—Å—Å–∏–æ–Ω–∞–ª—å–Ω–æ–π –±–æ—Ä—å–±–µ. –ü–∞–Ω–∫ —Ä–µ—à–∏–ª –≤—ã–π—Ç–∏ –∏–∑ WWE –ø–æ—Å–ª–µ —Å–æ–±—ã—Ç–∏—è Royal Rumble –≤ 2014 –≥–æ–¥—É. –° —Ç–µ—Ö –ø–æ—Ä –æ–Ω –Ω–µ —Ä–∞–±–æ—Ç–∞–ª. –ß–∞—Å—Ç—å –≤—Ä–∞–∂–¥–µ–±–Ω–æ—Å—Ç–∏ —Å WWE –∏–∑-–∑–∞ –∏—Å–∫–∞, –≤ –∫–æ—Ç–æ—Ä–æ–º –≤—ã—Å—Ç—É–ø–∏–ª –ü–∞–Ω–∫ –∏ –ö–æ–ª—å—Ç –ö–∞–±–∞–Ω–∞ –ø—Ä–æ—Ç–∏–≤ —Ä–µ—Å–ª–∏–Ω–≥–∞ –¥–æ–∫—Ç–æ—Ä–∞ –ö—Ä–∏—Å –ê–º–∞–Ω–Ω. –î–µ–ª–æ —Å–ª—É—à–∞–ª–æ—Å—å –ø—Ä–∏—Å—è–∂–Ω—ã–º–∏ –≤ –∫–æ–Ω—Ü–µ –ø—Ä–æ—à–ª–æ–≥–æ –≥–æ–¥–∞ –≤ –ò–ª–ª–∏–Ω–æ–π—Å–µ, –Ω–µ–¥–∞–ª–µ–∫–æ –æ—Ç –ß–∏–∫–∞–≥–æ. –í –∫–æ–Ω—Ü–µ –∫–æ–Ω—Ü–æ–≤, –ø—Ä–∏—Å—è–∂–Ω—ã–µ –ø—Ä–∏–Ω—è–ª–∏ —Ä–µ—à–µ–Ω–∏–µ –≤ –ø–æ–ª—å–∑—É –ü–∞–Ω–∫–∞ –∏ –ö–∞–±–∞–Ω–∞ –ø–æ –≤—Å–µ–º –ø—É–Ω–∫—Ç–∞–º, –ø–æ–¥–∞–Ω–Ω—ã–º –ê–º–∞–Ω–Ω–æ–º. –í —Ä–µ–∑—É–ª—å—Ç–∞—Ç–µ –Ω–∏ –ü–∞–Ω–∫, –Ω–∏ –ö–∞–±–∞–Ω–∞ –Ω–∏—á–µ–≥–æ –Ω–µ –∑–∞–ø–ª–∞—Ç–∏–ª–∏.‚Ä¶
http://sports.ru/tribuna/blogs/psevdoanaliticanew/2494575.html	–ì—Ä–∏–∑–º–∞–Ω–Ω - –∏–≥—Ä–æ–∫ ¬´–ë–∞—Ä—Å–µ–ª–æ–Ω—ã¬ª. –°–¥–µ–ª–∫—É –æ—Ñ–æ—Ä–º—è—Ç –¥–æ–≤–æ–ª—å–Ω–æ –Ω–µ–æ–±—ã—á–Ω–æ	–†–∞—Å—Å–∫–∞–∑—ã–≤–∞–µ–º, –∫–∞–∫ –≤—Å–µ –ø—Ä–æ–∏–∑–æ–π–¥–µ—Ç –∏ –∫–∞–∫ –≤ —ç—Ç–æ–º –∑–∞–º–µ—à–∞–Ω –ù–µ–π–º–∞—Ä
http://autogoda.ru/news/blagodarnost-ot-pobeditelya	–ù–æ–≤–æ—Å—Ç–∏ | –ê–≤—Ç–æ–≥–æ–¥–∞	‚Ä¶
http://www.perm.aif.ru/incidents/v_prikame_policeyskie_pomogli_otvezti_v_bolnicu_istekayushchuyu_krovyu_devushku	–í –ü—Ä–∏–∫–∞–º—å–µ –ø–æ–ª–∏—Ü–µ–π—Å–∫–∏–µ –ø–æ–º–æ–≥–ª–∏ –æ—Ç–≤–µ–∑—Ç–∏ –≤ –±–æ–ª—å–Ω–∏—Ü—É –∏—Å—Ç–µ–∫–∞—é—â—É—é –∫—Ä–æ–≤—å—é –¥–µ–≤—É—à–∫—É	–û—Ç–∫—Ä—ã–≤–∞—è –∫–æ–Ω—Å–µ—Ä–≤–Ω—É—é –±–∞–Ω–∫—É, –æ–Ω–∞ –ø–æ—Ä–µ–∑–∞–ª–∞ –≤–µ–Ω—É
https://nation-news.ru/456322-drozdov-nazval-slukhi-o-problemakh-s-zarplatoi-v-mire-zhivotnykh-akhineei	–î—Ä–æ–∑–¥–æ–≤ –Ω–∞–∑–≤–∞–ª —Å–ª—É—Ö–∏ –æ –ø—Ä–æ–±–ª–µ–º–∞—Ö —Å –∑–∞—Ä–ø–ª–∞—Ç–æ–π "–í –º–∏—Ä–µ –∂–∏–≤–æ—Ç–Ω—ã—Ö" –∞—Ö–∏–Ω–µ–µ–π	–ò–∑–≤–µ—Å—Ç–Ω—ã–π —Ç–µ–ª–µ–≤–µ–¥—É—â–∏–π –ù–∏–∫–æ–ª–∞–π –î—Ä–æ–∑–¥–æ–≤ –ø—Ä–æ–∫–æ–º–º–µ–Ω—Ç–∏—Ä–æ–≤–∞–ª —Å–ª—É—Ö–∏ –æ —Å–≤–æ–µ–º —è–∫–æ–±—ã —Å–∫–∞–Ω–¥–∞–ª—å–Ω–æ–º —É—Ö–æ–¥–µ –∏–∑ –ø–µ—Ä–µ–¥–∞—á–∏ "–í –º–∏—Ä–µ –∂–∏–≤–æ—Ç–Ω—ã—Ö" –∏–∑-–∑–∞ –ø—Ä–æ–±–ª–µ–º —Å –≤—ã–ø–ª–∞—Ç–æ–π –∑–∞—Ä–ø–ª–∞—Ç—ã, –ø–∏—à—É—Ç –°–ú–ò.
http://neonomad.kz/v-stolice-muzhchina-izbil-podrostka-v-avtobuse	–ú—É–∂—á–∏–Ω–∞ –∏–∑–±–∏–ª –ø–æ–¥—Ä–æ—Å—Ç–∫–∞ –∑–∞ –Ω–µ—É—Å—Ç—É–ø–∫—É –º–µ—Å—Ç–∞ –≤ –∞–≤—Ç–æ–±—É—Å–µ –≤ –ù—É—Ä-–°—É–ª—Ç–∞–Ω–µ (–≤–∏–¥–µ–æ)	"–ú—É–∂—á–∏–Ω–∞ –∏–∑–±–∏–ª –ø–æ–¥—Ä–æ—Å—Ç–∫–∞ –≤ –∞–≤—Ç–æ–±—É—Å–µ –ê—Å—Ç–∞–Ω—ã –∑–∞ –Ω–µ—É—Å—Ç—É–ø–∫—É –º–µ—Å—Ç–∞", - –≤–∏–¥–µ–æ —Å —Ç–∞–∫–∏–º –∑–∞–≥–æ–ª–æ–≤–∫–æ–º –ø–æ—è–≤–∏–ª–æ—Å—å –Ω–∞ —Å—Ç—Ä–∞–Ω–∏—Ü–µ astana_drive –≤ Instagram, –ø–µ—Ä–µ–¥–∞–µ—Ç Neonomad.kz
http://matchtv.ru/football/matchtvnews_NI1038589_Krylja_rasskazali_pochemu_Samedov_pokinul_komandu	¬´–ö—Ä—ã–ª—å—è¬ª —Ä–∞—Å—Å–∫–∞–∑–∞–ª–∏, –ø–æ—á–µ–º—É –°–∞–º–µ–¥–æ–≤ –ø–æ–∫–∏–Ω—É–ª –∫–æ–º–∞–Ω–¥—É	–ì–µ–Ω–µ—Ä–∞–ª—å–Ω—ã–π –¥–∏—Ä–µ–∫—Ç–æ—Ä ¬´–ö—Ä—ã–ª—å–µ–≤ –°–æ–≤–µ—Ç–æ–≤¬ª –í–∏—Ç–∞–ª–∏–π –®–∞—à–∫–æ–≤ —Ä–∞—Å—Å–∫–∞–∑–∞–ª –ø—Ä–∏—á–∏–Ω—É, –ø–æ –∫–æ—Ç–æ—Ä–æ–π –ø–æ–ª—É–∑–∞—â–∏—Ç–Ω–∏–∫ –ê–ª–µ–∫—Å–∞–Ω–¥—Ä –°–∞–º–µ–¥–æ–≤ –ø–æ–∫–∏–Ω—É–ª —Ä–∞—Å–ø–æ–ª–æ–∂–µ–Ω–∏–µ —Å–∞–º–∞—Ä—Å–∫–æ–π –∫–æ–º–∞–Ω–¥—ã.
https://gorobzor.ru/novosti/proisshestviya/29226-v-bashkirii-perevernulsya-avtomobil-est-postradavshie	–í –ë–∞—à–∫–∏—Ä–∏–∏ –ø–µ—Ä–µ–≤–µ—Ä–Ω—É–ª—Å—è –∞–≤—Ç–æ–º–æ–±–∏–ª—å, –µ—Å—Ç—å –ø–æ—Å—Ç—Ä–∞–¥–∞–≤—à–∏–µ	51-–ª–µ—Ç–Ω—è—è –∂–µ–Ω—â–∏–Ω–∞ –∏ 37-–ª–µ—Ç–Ω–∏–π —É—Ñ–∏–º–µ—Ü —Å —Ç—Ä–∞–≤–º–∞–º–∏ –±—ã–ª–∏ –¥–æ—Å—Ç–∞–≤–ª–µ–Ω—ã –≤ –±–æ–ª—å–Ω–∏—Ü—É. –ü–æ–ª–∏—Ü–µ–π—Å–∫–∏–µ –≤—ã—è—Å–Ω—è—é—Ç –ø—Ä–∏—á–∏–Ω—ã –∏ –æ–±—Å—Ç–æ—è—Ç–µ–ª—å—Å—Ç–≤–∞ –ø—Ä–æ–∏–∑–æ—à–µ–¥—à–µ–≥–æ. –ì–æ—Ä–û–±–∑–æ—Ä.—Ä—É, 22.06.2019
